name,model,rebar_version,engine,engine_version,err,haystack_len,iters,total,median,mad,mean,stddev,min,max
memchr/sherlock/common/huge1,count-bytes,0.1.0 (rev 463d00f318),libc/memchr/oneshot,unknown,,594933,20049,4.51s,149.27us,40.00ns,149.60us,3.01us,148.85us,432.17us
memchr/sherlock/common/huge1,count-bytes,0.1.0 (rev 463d00f318),rust/bytecount/memchr/oneshot,0.6.4,,594933,208056,4.56s,14.35us,20.00ns,14.38us,1.37us,14.14us,563.71us
memchr/sherlock/common/huge1,count-bytes,0.1.0 (rev 463d00f318),rust/bytecount/memchr/oneshot/wasm32,0.6.4,,594933,178934,4.61s,16.69us,200.00ns,16.63us,0.97us,16.24us,300.23us
memchr/sherlock/common/huge1,count-bytes,0.1.0 (rev 463d00f318),rust/memchr/memchr/onlycount,2.8.3,,594933,369292,4.61s,8.07us,10.00ns,8.08us,474.00ns,7.98us,285.03us
memchr/sherlock/common/huge1,count-bytes,0.1.0 (rev 463d00f318),rust/memchr/memchr/onlycount/wasm32,2.8.3,,594933,432306,4.71s,6.79us,10.00ns,6.80us,534.00ns,6.69us,284.62us
memchr/sherlock/common/huge1,count-bytes,0.1.0 (rev 463d00f318),rust/memchr/memchr/oneshot,2.8.3,,594933,20703,4.55s,144.46us,229.00ns,144.87us,3.12us,141.97us,426.74us
memchr/sherlock/common/huge1,count-bytes,0.1.0 (rev 463d00f318),rust/memchr/memchr/prebuilt,2.8.3,,594933,20353,4.55s,147.13us,210.00ns,147.36us,1.76us,145.57us,378.81us
memchr/sherlock/common/huge1,count-bytes,0.1.0 (rev 463d00f318),rust/memchr/memchr/fallback,2.8.3,,594933,7507,4.50s,399.09us,1.15us,399.61us,2.87us,394.49us,441.96us
memchr/sherlock/common/huge1,count-bytes,0.1.0 (rev 463d00f318),rust/memchr/memchr/naive,2.8.3,,594933,10519,4.50s,284.56us,1.51us,285.17us,7.73us,281.62us,879.94us
memchr/sherlock/common/huge1,count-bytes,0.1.0 (rev 463d00f318),rust/memchr/memchr/wasm32,2.8.3,,594933,18623,4.55s,158.41us,3.79us,160.95us,7.88us,152.56us,452.13us
memchr/sherlock/common/huge1,count-bytes,0.1.0 (rev 463d00f318),rust/memchr/memrchr,2.8.3,,594933,21232,4.56s,141.02us,319.00ns,141.26us,3.32us,139.30us,425.19us
memchr/sherlock/common/huge1,count-bytes,0.1.0 (rev 463d00f318),rust/memchrold/memchr/oneshot,2.5.0,,594933,25078,4.56s,119.33us,360.00ns,119.59us,903.00ns,118.48us,152.93us
memchr/sherlock/common/huge1,count-bytes,0.1.0 (rev 463d00f318),rust/memchrold/memchr/prebuilt,2.5.0,,594933,24854,4.56s,120.39us,490.00ns,120.66us,3.45us,119.18us,402.70us
memchr/sherlock/common/huge1,count-bytes,0.1.0 (rev 463d00f318),rust/memchrold/memchr/naive,2.5.0,,594933,10358,4.55s,289.27us,1.02us,289.61us,3.96us,285.03us,566.20us
memchr/sherlock/common/huge1,count-bytes,0.1.0 (rev 463d00f318),rust/memchrold/memrchr,2.5.0,,594933,24420,4.56s,122.36us,350.00ns,122.81us,5.44us,121.38us,0.96ms
memchr/sherlock/common/huge2,count-bytes,0.1.0 (rev 463d00f318),rust/memchr/memchr2,2.8.3,,594933,12202,4.56s,244.89us,789.00ns,245.83us,3.56us,243.14us,525.81us
memchr/sherlock/common/huge2,count-bytes,0.1.0 (rev 463d00f318),rust/memchr/memchr2/fallback,2.8.3,,594933,3751,4.50s,798.70us,2.06us,799.78us,7.98us,791.26us,1.08ms
memchr/sherlock/common/huge2,count-bytes,0.1.0 (rev 463d00f318),rust/memchr/memchr2/naive,2.8.3,,594933,5206,4.50s,576.20us,770.00ns,576.24us,4.09us,572.64us,857.07us
memchr/sherlock/common/huge2,count-bytes,0.1.0 (rev 463d00f318),rust/memchr/memchr2/wasm32,2.8.3,,594933,11968,4.55s,249.23us,1.56us,250.54us,4.96us,245.91us,530.52us
memchr/sherlock/common/huge2,count-bytes,0.1.0 (rev 463d00f318),rust/memchr/memrchr2,2.8.3,,594933,12575,4.55s,238.37us,620.00ns,238.53us,2.36us,235.43us,468.99us
memchr/sherlock/common/huge2,count-bytes,0.1.0 (rev 463d00f318),rust/memchrold/memchr2,2.5.0,,594933,12212,4.50s,245.09us,699.00ns,245.63us,3.21us,243.81us,529.98us
memchr/sherlock/common/huge2,count-bytes,0.1.0 (rev 463d00f318),rust/memchrold/memrchr2,2.5.0,,594933,12235,4.50s,244.80us,101.00ns,245.17us,3.46us,244.25us,522.51us
memchr/sherlock/common/huge3,count-bytes,0.1.0 (rev 463d00f318),rust/memchr/memchr3,2.8.3,,594933,7620,4.50s,391.60us,1.11us,393.68us,6.46us,386.23us,675.37us
memchr/sherlock/common/huge3,count-bytes,0.1.0 (rev 463d00f318),rust/memchr/memchr3/fallback,2.8.3,,594933,2565,4.50s,1.17ms,3.47us,1.17ms,13.92us,1.15ms,1.49ms
memchr/sherlock/common/huge3,count-bytes,0.1.0 (rev 463d00f318),rust/memchr/memchr3/naive,2.8.3,,594933,3586,4.50s,835.38us,1.16us,836.55us,9.04us,828.63us,1.12ms
memchr/sherlock/common/huge3,count-bytes,0.1.0 (rev 463d00f318),rust/memchr/memchr3/wasm32,2.8.3,,594933,8427,4.55s,355.39us,220.00ns,355.90us,4.37us,354.41us,635.65us
memchr/sherlock/common/huge3,count-bytes,0.1.0 (rev 463d00f318),rust/memchr/memrchr3,2.8.3,,594933,7781,4.50s,385.10us,390.00ns,385.54us,904.00ns,383.90us,407.34us
memchr/sherlock/common/huge3,count-bytes,0.1.0 (rev 463d00f318),rust/memchrold/memchr3,2.5.0,,594933,7355,4.50s,407.49us,390.00ns,407.85us,2.33us,394.32us,481.80us
memchr/sherlock/common/huge3,count-bytes,0.1.0 (rev 463d00f318),rust/memchrold/memrchr3,2.5.0,,594933,7438,4.50s,403.08us,611.00ns,403.33us,2.09us,401.04us,567.15us
memchr/sherlock/common/small1,count-bytes,0.1.0 (rev 463d00f318),libc/memchr/oneshot,unknown,,664,1000000,622.30ms,190.00ns,0.00ns,192.00ns,17.00ns,190.00ns,1.87us
memchr/sherlock/common/small1,count-bytes,0.1.0 (rev 463d00f318),rust/bytecount/memchr/oneshot,0.6.4,,664,1000000,321.99ms,30.00ns,0.00ns,30.00ns,9.00ns,20.00ns,3.76us
memchr/sherlock/common/small1,count-bytes,0.1.0 (rev 463d00f318),rust/bytecount/memchr/oneshot/wasm32,0.6.4,,664,1000000,771.72ms,80.00ns,0.00ns,78.00ns,33.00ns,70.00ns,29.99us
memchr/sherlock/common/small1,count-bytes,0.1.0 (rev 463d00f318),rust/memchr/memchr/onlycount,2.8.3,,664,1000000,321.82ms,30.00ns,0.00ns,27.00ns,9.00ns,20.00ns,2.08us
memchr/sherlock/common/small1,count-bytes,0.1.0 (rev 463d00f318),rust/memchr/memchr/onlycount/wasm32,2.8.3,,664,1000000,721.77ms,70.00ns,0.00ns,74.00ns,12.00ns,70.00ns,3.72us
memchr/sherlock/common/small1,count-bytes,0.1.0 (rev 463d00f318),rust/memchr/memchr/oneshot,2.8.3,,664,1000000,523.20ms,140.00ns,0.00ns,139.00ns,18.00ns,130.00ns,7.51us
memchr/sherlock/common/small1,count-bytes,0.1.0 (rev 463d00f318),rust/memchr/memchr/prebuilt,2.8.3,,664,1000000,522.19ms,150.00ns,0.00ns,151.00ns,29.00ns,140.00ns,23.56us
memchr/sherlock/common/small1,count-bytes,0.1.0 (rev 463d00f318),rust/memchr/memchr/fallback,2.8.3,,664,1000000,422.23ms,90.00ns,0.00ns,89.00ns,15.00ns,80.00ns,5.11us
memchr/sherlock/common/small1,count-bytes,0.1.0 (rev 463d00f318),rust/memchr/memchr/naive,2.8.3,,664,1000000,522.02ms,140.00ns,0.00ns,142.00ns,16.00ns,130.00ns,3.04us
memchr/sherlock/common/small1,count-bytes,0.1.0 (rev 463d00f318),rust/memchr/memchr/wasm32,2.8.3,,664,1000000,0.97s,180.00ns,0.00ns,180.00ns,21.00ns,170.00ns,14.46us
memchr/sherlock/common/small1,count-bytes,0.1.0 (rev 463d00f318),rust/memchr/memrchr,2.8.3,,664,1000000,522.14ms,150.00ns,0.00ns,147.00ns,16.00ns,140.00ns,5.79us
memchr/sherlock/common/small1,count-bytes,0.1.0 (rev 463d00f318),rust/memchrold/memchr/oneshot,2.5.0,,664,1000000,522.78ms,140.00ns,0.00ns,136.00ns,16.00ns,130.00ns,2.51us
memchr/sherlock/common/small1,count-bytes,0.1.0 (rev 463d00f318),rust/memchrold/memchr/prebuilt,2.5.0,,664,1000000,523.07ms,140.00ns,0.00ns,136.00ns,16.00ns,130.00ns,3.79us
memchr/sherlock/common/small1,count-bytes,0.1.0 (rev 463d00f318),rust/memchrold/memchr/naive,2.5.0,,664,1000000,722.88ms,140.00ns,0.00ns,143.00ns,17.00ns,130.00ns,3.60us
memchr/sherlock/common/small1,count-bytes,0.1.0 (rev 463d00f318),rust/memchrold/memrchr,2.5.0,,664,1000000,522.29ms,140.00ns,0.00ns,145.00ns,285.00ns,140.00ns,285.22us
memchr/sherlock/common/small2,count-bytes,0.1.0 (rev 463d00f318),rust/memchr/memchr2,2.8.3,,664,1000000,872.65ms,310.00ns,0.00ns,308.00ns,21.00ns,290.00ns,2.13us
memchr/sherlock/common/small2,count-bytes,0.1.0 (rev 463d00f318),rust/memchr/memchr2/fallback,2.8.3,,664,1000000,572.75ms,150.00ns,0.00ns,153.00ns,18.00ns,140.00ns,3.38us
memchr/sherlock/common/small2,count-bytes,0.1.0 (rev 463d00f318),rust/memchr/memchr2/naive,2.8.3,,664,1000000,672.30ms,230.00ns,0.00ns,232.00ns,19.00ns,220.00ns,2.58us
memchr/sherlock/common/small2,count-bytes,0.1.0 (rev 463d00f318),rust/memchr/memchr2/wasm32,2.8.3,,664,1000000,1.22s,300.00ns,0.00ns,302.00ns,21.00ns,290.00ns,2.25us
memchr/sherlock/common/small2,count-bytes,0.1.0 (rev 463d00f318),rust/memchr/memrchr2,2.8.3,,664,1000000,772.86ms,250.00ns,0.00ns,253.00ns,282.00ns,240.00ns,281.90us
memchr/sherlock/common/small2,count-bytes,0.1.0 (rev 463d00f318),rust/memchrold/memchr2,2.5.0,,664,1000000,772.86ms,260.00ns,0.00ns,263.00ns,21.00ns,250.00ns,9.62us
memchr/sherlock/common/small2,count-bytes,0.1.0 (rev 463d00f318),rust/memchrold/memrchr2,2.5.0,,664,1000000,774.35ms,260.00ns,0.00ns,264.00ns,23.00ns,260.00ns,7.86us
memchr/sherlock/common/small3,count-bytes,0.1.0 (rev 463d00f318),rust/memchr/memchr3,2.8.3,,664,1000000,1.07s,410.00ns,0.00ns,408.00ns,26.00ns,400.00ns,7.41us
memchr/sherlock/common/small3,count-bytes,0.1.0 (rev 463d00f318),rust/memchr/memchr3/fallback,2.8.3,,664,1000000,672.55ms,220.00ns,0.00ns,217.00ns,24.00ns,210.00ns,10.51us
memchr/sherlock/common/small3,count-bytes,0.1.0 (rev 463d00f318),rust/memchr/memchr3/naive,2.8.3,,664,1000000,773.09ms,260.00ns,0.00ns,256.00ns,285.00ns,250.00ns,284.96us
memchr/sherlock/common/small3,count-bytes,0.1.0 (rev 463d00f318),rust/memchr/memchr3/wasm32,2.8.3,,664,1000000,1.42s,410.00ns,0.00ns,406.00ns,23.00ns,400.00ns,2.65us
memchr/sherlock/common/small3,count-bytes,0.1.0 (rev 463d00f318),rust/memchr/memrchr3,2.8.3,,664,1000000,1.07s,410.00ns,0.00ns,407.00ns,30.00ns,400.00ns,14.82us
memchr/sherlock/common/small3,count-bytes,0.1.0 (rev 463d00f318),rust/memchrold/memchr3,2.5.0,,664,1000000,1.07s,420.00ns,0.00ns,418.00ns,26.00ns,390.00ns,7.89us
memchr/sherlock/common/small3,count-bytes,0.1.0 (rev 463d00f318),rust/memchrold/memrchr3,2.5.0,,664,1000000,1.12s,430.00ns,0.00ns,433.00ns,24.00ns,400.00ns,3.42us
memchr/sherlock/common/tiny1,count-bytes,0.1.0 (rev 463d00f318),libc/memchr/oneshot,unknown,,69,1000000,371.87ms,60.00ns,0.00ns,58.00ns,285.00ns,50.00ns,284.54us
memchr/sherlock/common/tiny1,count-bytes,0.1.0 (rev 463d00f318),rust/bytecount/memchr/oneshot,0.6.4,,69,1000000,271.42ms,20.00ns,0.00ns,19.00ns,9.00ns,10.00ns,3.43us
memchr/sherlock/common/tiny1,count-bytes,0.1.0 (rev 463d00f318),rust/bytecount/memchr/oneshot/wasm32,0.6.4,,69,1000000,721.46ms,70.00ns,0.00ns,66.00ns,11.00ns,60.00ns,2.05us
memchr/sherlock/common/tiny1,count-bytes,0.1.0 (rev 463d00f318),rust/memchr/memchr/onlycount,2.8.3,,69,1000000,271.32ms,20.00ns,0.00ns,20.00ns,9.00ns,10.00ns,6.91us
memchr/sherlock/common/tiny1,count-bytes,0.1.0 (rev 463d00f318),rust/memchr/memchr/onlycount/wasm32,2.8.3,,69,1000000,771.57ms,70.00ns,0.00ns,67.00ns,11.00ns,60.00ns,2.76us
memchr/sherlock/common/tiny1,count-bytes,0.1.0 (rev 463d00f318),rust/memchr/memchr/oneshot,2.8.3,,69,1000000,321.72ms,40.00ns,0.00ns,43.00ns,16.00ns,40.00ns,11.55us
memchr/sherlock/common/tiny1,count-bytes,0.1.0 (rev 463d00f318),rust/memchr/memchr/prebuilt,2.8.3,,69,1000000,321.82ms,40.00ns,0.00ns,42.00ns,11.00ns,40.00ns,2.98us
memchr/sherlock/common/tiny1,count-bytes,0.1.0 (rev 463d00f318),rust/memchr/memchr/fallback,2.8.3,,69,1000000,321.92ms,30.00ns,0.00ns,28.00ns,8.00ns,20.00ns,1.87us
memchr/sherlock/common/tiny1,count-bytes,0.1.0 (rev 463d00f318),rust/memchr/memchr/naive,2.8.3,,69,1000000,271.67ms,30.00ns,0.00ns,26.00ns,19.00ns,20.00ns,17.24us
memchr/sherlock/common/tiny1,count-bytes,0.1.0 (rev 463d00f318),rust/memchr/memchr/wasm32,2.8.3,,69,1000000,771.90ms,90.00ns,0.00ns,87.00ns,12.00ns,80.00ns,2.47us
memchr/sherlock/common/tiny1,count-bytes,0.1.0 (rev 463d00f318),rust/memchr/memrchr,2.8.3,,69,1000000,321.24ms,40.00ns,0.00ns,41.00ns,9.00ns,30.00ns,2.63us
memchr/sherlock/common/tiny1,count-bytes,0.1.0 (rev 463d00f318),rust/memchrold/memchr/oneshot,2.5.0,,69,1000000,321.48ms,40.00ns,0.00ns,39.00ns,7.00ns,30.00ns,1.69us
memchr/sherlock/common/tiny1,count-bytes,0.1.0 (rev 463d00f318),rust/memchrold/memchr/prebuilt,2.5.0,,69,1000000,321.74ms,40.00ns,0.00ns,40.00ns,9.00ns,30.00ns,3.23us
memchr/sherlock/common/tiny1,count-bytes,0.1.0 (rev 463d00f318),rust/memchrold/memchr/naive,2.5.0,,69,1000000,271.85ms,30.00ns,0.00ns,27.00ns,10.00ns,20.00ns,3.74us
memchr/sherlock/common/tiny1,count-bytes,0.1.0 (rev 463d00f318),rust/memchrold/memrchr,2.5.0,,69,1000000,323.46ms,40.00ns,0.00ns,38.00ns,9.00ns,30.00ns,1.96us
memchr/sherlock/never/huge1,count-bytes,0.1.0 (rev 463d00f318),libc/memchr/oneshot,unknown,,594933,1000000,3.63s,1.84us,0.00ns,1.86us,412.00ns,1.82us,281.12us
memchr/sherlock/never/huge1,count-bytes,0.1.0 (rev 463d00f318),rust/bytecount/memchr/oneshot,0.6.4,,594933,207333,4.56s,14.40us,20.00ns,14.43us,1.08us,14.20us,297.11us
memchr/sherlock/never/huge1,count-bytes,0.1.0 (rev 463d00f318),rust/bytecount/memchr/oneshot/wasm32,0.6.4,,594933,178434,4.61s,16.70us,190.00ns,16.65us,1.18us,16.25us,299.01us
memchr/sherlock/never/huge1,count-bytes,0.1.0 (rev 463d00f318),rust/memchr/memchr/onlycount,2.8.3,,594933,369114,4.61s,8.07us,10.00ns,8.09us,803.00ns,7.96us,287.55us
memchr/sherlock/never/huge1,count-bytes,0.1.0 (rev 463d00f318),rust/memchr/memchr/onlycount/wasm32,2.8.3,,594933,431513,4.71s,6.80us,10.00ns,6.82us,1.72us,6.67us,1.03ms
memchr/sherlock/never/huge1,count-bytes,0.1.0 (rev 463d00f318),rust/memchr/memchr/oneshot,2.8.3,,594933,1000000,4.08s,2.32us,0.00ns,2.33us,491.00ns,2.30us,284.99us
memchr/sherlock/never/huge1,count-bytes,0.1.0 (rev 463d00f318),rust/memchr/memchr/prebuilt,2.8.3,,594933,1000000,4.07s,2.32us,0.00ns,2.33us,736.00ns,2.30us,557.06us
memchr/sherlock/never/huge1,count-bytes,0.1.0 (rev 463d00f318),rust/memchr/memchr/fallback,2.8.3,,594933,148557,4.56s,20.10us,30.00ns,20.15us,1.28us,19.88us,300.74us
memchr/sherlock/never/huge1,count-bytes,0.1.0 (rev 463d00f318),rust/memchr/memchr/naive,2.8.3,,594933,26556,4.55s,112.75us,90.00ns,112.93us,3.03us,112.16us,393.90us
memchr/sherlock/never/huge1,count-bytes,0.1.0 (rev 463d00f318),rust/memchr/memchr/wasm32,2.8.3,,594933,351382,4.66s,8.38us,10.00ns,8.40us,825.00ns,8.31us,289.62us
memchr/sherlock/never/huge1,count-bytes,0.1.0 (rev 463d00f318),rust/memchr/memrchr,2.8.3,,594933,1000000,4.07s,2.32us,0.00ns,2.32us,401.00ns,2.30us,281.94us
memchr/sherlock/never/huge1,count-bytes,0.1.0 (rev 463d00f318),rust/memchrold/memchr/oneshot,2.5.0,,594933,1000000,4.07s,2.32us,0.00ns,2.33us,400.00ns,2.29us,282.08us
memchr/sherlock/never/huge1,count-bytes,0.1.0 (rev 463d00f318),rust/memchrold/memchr/prebuilt,2.5.0,,594933,1000000,4.08s,2.31us,0.00ns,2.32us,402.00ns,2.29us,282.78us
memchr/sherlock/never/huge1,count-bytes,0.1.0 (rev 463d00f318),rust/memchrold/memchr/naive,2.5.0,,594933,26572,4.56s,112.69us,70.00ns,112.86us,3.13us,111.92us,393.11us
memchr/sherlock/never/huge1,count-bytes,0.1.0 (rev 463d00f318),rust/memchrold/memrchr,2.5.0,,594933,1000000,4.07s,2.29us,10.00ns,2.32us,413.00ns,2.26us,280.89us
memchr/sherlock/never/huge2,count-bytes,0.1.0 (rev 463d00f318),rust/memchr/memchr2,2.8.3,,594933,587814,4.62s,5.05us,0.00ns,5.06us,1.43us,4.95us,0.98ms
memchr/sherlock/never/huge2,count-bytes,0.1.0 (rev 463d00f318),rust/memchr/memchr2/fallback,2.8.3,,594933,70539,4.56s,42.51us,210.00ns,42.49us,1.96us,38.97us,322.35us
memchr/sherlock/never/huge2,count-bytes,0.1.0 (rev 463d00f318),rust/memchr/memchr2/naive,2.8.3,,594933,20213,4.55s,131.90us,380.00ns,148.38us,30.81us,130.74us,418.14us
memchr/sherlock/never/huge2,count-bytes,0.1.0 (rev 463d00f318),rust/memchr/memchr2/wasm32,2.8.3,,594933,283952,4.66s,10.29us,10.00ns,10.42us,0.96us,10.19us,289.13us
memchr/sherlock/never/huge2,count-bytes,0.1.0 (rev 463d00f318),rust/memchr/memrchr2,2.8.3,,594933,825120,4.67s,3.60us,30.00ns,3.59us,542.00ns,3.50us,285.03us
memchr/sherlock/never/huge2,count-bytes,0.1.0 (rev 463d00f318),rust/memchrold/memchr2,2.5.0,,594933,835697,4.67s,3.53us,10.00ns,3.55us,550.00ns,3.48us,287.01us
memchr/sherlock/never/huge2,count-bytes,0.1.0 (rev 463d00f318),rust/memchrold/memrchr2,2.5.0,,594933,831431,4.67s,3.54us,20.00ns,3.57us,440.00ns,3.50us,278.52us
memchr/sherlock/never/huge3,count-bytes,0.1.0 (rev 463d00f318),rust/memchr/memchr3,2.8.3,,594933,441971,4.61s,6.73us,10.00ns,6.75us,1.04us,6.60us,498.74us
memchr/sherlock/never/huge3,count-bytes,0.1.0 (rev 463d00f318),rust/memchr/memchr3/fallback,2.8.3,,594933,56326,4.56s,53.13us,20.00ns,53.22us,2.07us,52.86us,334.32us
memchr/sherlock/never/huge3,count-bytes,0.1.0 (rev 463d00f318),rust/memchr/memchr3/naive,2.8.3,,594933,18796,4.55s,160.79us,1.56us,159.57us,11.23us,140.30us,1.06ms
memchr/sherlock/never/huge3,count-bytes,0.1.0 (rev 463d00f318),rust/memchr/memchr3/wasm32,2.8.3,,594933,288499,4.66s,10.24us,10.00ns,10.26us,908.00ns,10.09us,288.91us
memchr/sherlock/never/huge3,count-bytes,0.1.0 (rev 463d00f318),rust/memchr/memrchr3,2.8.3,,594933,578658,4.62s,5.13us,0.00ns,5.14us,1.25us,5.10us,865.62us
memchr/sherlock/never/huge3,count-bytes,0.1.0 (rev 463d00f318),rust/memchrold/memchr3,2.5.0,,594933,570587,4.62s,5.20us,10.00ns,5.22us,651.00ns,5.10us,286.45us
memchr/sherlock/never/huge3,count-bytes,0.1.0 (rev 463d00f318),rust/memchrold/memrchr3,2.5.0,,594933,576987,4.62s,5.14us,10.00ns,5.15us,899.00ns,5.04us,487.41us
memchr/sherlock/never/small1,count-bytes,0.1.0 (rev 463d00f318),libc/memchr/oneshot,unknown,,664,1000000,271.48ms,20.00ns,0.00ns,18.00ns,7.00ns,10.00ns,1.71us
memchr/sherlock/never/small1,count-bytes,0.1.0 (rev 463d00f318),rust/bytecount/memchr/oneshot,0.6.4,,664,1000000,320.64ms,30.00ns,0.00ns,30.00ns,10.00ns,20.00ns,5.67us
memchr/sherlock/never/small1,count-bytes,0.1.0 (rev 463d00f318),rust/bytecount/memchr/oneshot/wasm32,0.6.4,,664,1000000,770.35ms,80.00ns,0.00ns,78.00ns,13.00ns,70.00ns,3.62us
memchr/sherlock/never/small1,count-bytes,0.1.0 (rev 463d00f318),rust/memchr/memchr/onlycount,2.8.3,,664,1000000,320.76ms,30.00ns,0.00ns,27.00ns,10.00ns,20.00ns,4.22us
memchr/sherlock/never/small1,count-bytes,0.1.0 (rev 463d00f318),rust/memchr/memchr/onlycount/wasm32,2.8.3,,664,1000000,770.56ms,70.00ns,0.00ns,75.00ns,13.00ns,70.00ns,4.94us
memchr/sherlock/never/small1,count-bytes,0.1.0 (rev 463d00f318),rust/memchr/memchr/oneshot,2.8.3,,664,1000000,270.11ms,20.00ns,0.00ns,19.00ns,14.00ns,10.00ns,11.83us
memchr/sherlock/never/small1,count-bytes,0.1.0 (rev 463d00f318),rust/memchr/memchr/prebuilt,2.8.3,,664,1000000,270.11ms,20.00ns,0.00ns,19.00ns,9.00ns,10.00ns,5.92us
memchr/sherlock/never/small1,count-bytes,0.1.0 (rev 463d00f318),rust/memchr/memchr/fallback,2.8.3,,664,1000000,320.20ms,40.00ns,0.00ns,35.00ns,10.00ns,30.00ns,2.64us
memchr/sherlock/never/small1,count-bytes,0.1.0 (rev 463d00f318),rust/memchr/memchr/naive,2.8.3,,664,1000000,571.30ms,150.00ns,0.00ns,153.00ns,18.00ns,140.00ns,9.16us
memchr/sherlock/never/small1,count-bytes,0.1.0 (rev 463d00f318),rust/memchr/memchr/wasm32,2.8.3,,664,1000000,720.56ms,70.00ns,0.00ns,68.00ns,12.00ns,60.00ns,4.04us
memchr/sherlock/never/small1,count-bytes,0.1.0 (rev 463d00f318),rust/memchr/memrchr,2.8.3,,664,1000000,269.97ms,20.00ns,0.00ns,19.00ns,11.00ns,10.00ns,7.34us
memchr/sherlock/never/small1,count-bytes,0.1.0 (rev 463d00f318),rust/memchrold/memchr/oneshot,2.5.0,,664,1000000,320.80ms,20.00ns,0.00ns,18.00ns,8.00ns,10.00ns,2.35us
memchr/sherlock/never/small1,count-bytes,0.1.0 (rev 463d00f318),rust/memchrold/memchr/prebuilt,2.5.0,,664,1000000,270.40ms,20.00ns,0.00ns,18.00ns,7.00ns,10.00ns,2.30us
memchr/sherlock/never/small1,count-bytes,0.1.0 (rev 463d00f318),rust/memchrold/memchr/naive,2.5.0,,664,1000000,520.90ms,150.00ns,0.00ns,153.00ns,285.00ns,140.00ns,284.89us
memchr/sherlock/never/small1,count-bytes,0.1.0 (rev 463d00f318),rust/memchrold/memrchr,2.5.0,,664,1000000,270.31ms,20.00ns,0.00ns,18.00ns,7.00ns,10.00ns,1.96us
memchr/sherlock/never/small2,count-bytes,0.1.0 (rev 463d00f318),rust/memchr/memchr2,2.8.3,,664,1000000,270.34ms,20.00ns,0.00ns,20.00ns,6.00ns,20.00ns,1.96us
memchr/sherlock/never/small2,count-bytes,0.1.0 (rev 463d00f318),rust/memchr/memchr2/fallback,2.8.3,,664,1000000,370.83ms,60.00ns,0.00ns,58.00ns,11.00ns,50.00ns,4.04us
memchr/sherlock/never/small2,count-bytes,0.1.0 (rev 463d00f318),rust/memchr/memchr2/naive,2.8.3,,664,1000000,571.12ms,170.00ns,0.00ns,180.00ns,30.00ns,150.00ns,1.90us
memchr/sherlock/never/small2,count-bytes,0.1.0 (rev 463d00f318),rust/memchr/memchr2/wasm32,2.8.3,,664,1000000,770.50ms,70.00ns,0.00ns,73.00ns,16.00ns,70.00ns,8.73us
memchr/sherlock/never/small2,count-bytes,0.1.0 (rev 463d00f318),rust/memchr/memrchr2,2.8.3,,664,1000000,269.91ms,20.00ns,0.00ns,21.00ns,15.00ns,20.00ns,11.73us
memchr/sherlock/never/small2,count-bytes,0.1.0 (rev 463d00f318),rust/memchrold/memchr2,2.5.0,,664,1000000,270.62ms,20.00ns,0.00ns,20.00ns,8.00ns,10.00ns,2.28us
memchr/sherlock/never/small2,count-bytes,0.1.0 (rev 463d00f318),rust/memchrold/memrchr2,2.5.0,,664,1000000,270.55ms,20.00ns,0.00ns,20.00ns,6.00ns,10.00ns,2.90us
memchr/sherlock/never/small3,count-bytes,0.1.0 (rev 463d00f318),rust/memchr/memchr3,2.8.3,,664,1000000,270.49ms,20.00ns,0.00ns,21.00ns,11.00ns,20.00ns,8.31us
memchr/sherlock/never/small3,count-bytes,0.1.0 (rev 463d00f318),rust/memchr/memchr3/fallback,2.8.3,,664,1000000,369.90ms,70.00ns,0.00ns,71.00ns,12.00ns,60.00ns,1.97us
memchr/sherlock/never/small3,count-bytes,0.1.0 (rev 463d00f318),rust/memchr/memchr3/naive,2.8.3,,664,1000000,621.52ms,190.00ns,10.00ns,200.00ns,21.00ns,180.00ns,2.01us
memchr/sherlock/never/small3,count-bytes,0.1.0 (rev 463d00f318),rust/memchr/memchr3/wasm32,2.8.3,,664,1000000,770.74ms,70.00ns,0.00ns,74.00ns,15.00ns,70.00ns,8.14us
memchr/sherlock/never/small3,count-bytes,0.1.0 (rev 463d00f318),rust/memchr/memrchr3,2.8.3,,664,1000000,270.08ms,20.00ns,0.00ns,22.00ns,9.00ns,20.00ns,2.65us
memchr/sherlock/never/small3,count-bytes,0.1.0 (rev 463d00f318),rust/memchrold/memchr3,2.5.0,,664,1000000,270.44ms,20.00ns,0.00ns,21.00ns,8.00ns,20.00ns,2.41us
memchr/sherlock/never/small3,count-bytes,0.1.0 (rev 463d00f318),rust/memchrold/memrchr3,2.5.0,,664,1000000,270.43ms,20.00ns,0.00ns,21.00ns,6.00ns,20.00ns,2.25us
memchr/sherlock/never/tiny1,count-bytes,0.1.0 (rev 463d00f318),libc/memchr/oneshot,unknown,,69,1000000,271.51ms,20.00ns,0.00ns,17.00ns,16.00ns,10.00ns,14.46us
memchr/sherlock/never/tiny1,count-bytes,0.1.0 (rev 463d00f318),rust/bytecount/memchr/oneshot,0.6.4,,69,1000000,270.55ms,20.00ns,0.00ns,18.00ns,8.00ns,10.00ns,2.36us
memchr/sherlock/never/tiny1,count-bytes,0.1.0 (rev 463d00f318),rust/bytecount/memchr/oneshot/wasm32,0.6.4,,69,1000000,773.67ms,70.00ns,0.00ns,66.00ns,12.00ns,60.00ns,1.74us
memchr/sherlock/never/tiny1,count-bytes,0.1.0 (rev 463d00f318),rust/memchr/memchr/onlycount,2.8.3,,69,1000000,270.71ms,20.00ns,0.00ns,20.00ns,9.00ns,20.00ns,2.91us
memchr/sherlock/never/tiny1,count-bytes,0.1.0 (rev 463d00f318),rust/memchr/memchr/onlycount/wasm32,2.8.3,,69,1000000,720.41ms,70.00ns,0.00ns,68.00ns,12.00ns,60.00ns,2.49us
memchr/sherlock/never/tiny1,count-bytes,0.1.0 (rev 463d00f318),rust/memchr/memchr/oneshot,2.8.3,,69,1000000,270.50ms,20.00ns,0.00ns,18.00ns,10.00ns,10.00ns,4.41us
memchr/sherlock/never/tiny1,count-bytes,0.1.0 (rev 463d00f318),rust/memchr/memchr/prebuilt,2.8.3,,69,1000000,270.53ms,20.00ns,0.00ns,18.00ns,10.00ns,10.00ns,5.82us
memchr/sherlock/never/tiny1,count-bytes,0.1.0 (rev 463d00f318),rust/memchr/memchr/fallback,2.8.3,,69,1000000,270.57ms,20.00ns,0.00ns,18.00ns,6.00ns,10.00ns,1.57us
memchr/sherlock/never/tiny1,count-bytes,0.1.0 (rev 463d00f318),rust/memchr/memchr/naive,2.8.3,,69,1000000,270.31ms,20.00ns,0.00ns,25.00ns,9.00ns,20.00ns,2.29us
memchr/sherlock/never/tiny1,count-bytes,0.1.0 (rev 463d00f318),rust/memchr/memchr/wasm32,2.8.3,,69,1000000,720.33ms,60.00ns,0.00ns,64.00ns,11.00ns,60.00ns,2.28us
memchr/sherlock/never/tiny1,count-bytes,0.1.0 (rev 463d00f318),rust/memchr/memrchr,2.8.3,,69,1000000,270.20ms,20.00ns,0.00ns,18.00ns,15.00ns,10.00ns,12.54us
memchr/sherlock/never/tiny1,count-bytes,0.1.0 (rev 463d00f318),rust/memchrold/memchr/oneshot,2.5.0,,69,1000000,270.20ms,20.00ns,0.00ns,17.00ns,8.00ns,10.00ns,1.82us
memchr/sherlock/never/tiny1,count-bytes,0.1.0 (rev 463d00f318),rust/memchrold/memchr/prebuilt,2.5.0,,69,1000000,270.89ms,20.00ns,0.00ns,17.00ns,14.00ns,10.00ns,10.54us
memchr/sherlock/never/tiny1,count-bytes,0.1.0 (rev 463d00f318),rust/memchrold/memchr/naive,2.5.0,,69,1000000,269.99ms,20.00ns,0.00ns,25.00ns,8.00ns,20.00ns,1.91us
memchr/sherlock/never/tiny1,count-bytes,0.1.0 (rev 463d00f318),rust/memchrold/memrchr,2.5.0,,69,1000000,270.67ms,20.00ns,0.00ns,17.00ns,17.00ns,10.00ns,14.41us
memchr/sherlock/never/tiny2,count-bytes,0.1.0 (rev 463d00f318),rust/memchr/memchr2,2.8.3,,69,1000000,270.54ms,20.00ns,0.00ns,18.00ns,8.00ns,10.00ns,4.87us
memchr/sherlock/never/tiny2,count-bytes,0.1.0 (rev 463d00f318),rust/memchr/memchr2/fallback,2.8.3,,69,1000000,270.61ms,20.00ns,0.00ns,20.00ns,7.00ns,10.00ns,2.28us
memchr/sherlock/never/tiny2,count-bytes,0.1.0 (rev 463d00f318),rust/memchr/memchr2/naive,2.8.3,,69,1000000,270.47ms,30.00ns,0.00ns,29.00ns,9.00ns,20.00ns,2.56us
memchr/sherlock/never/tiny2,count-bytes,0.1.0 (rev 463d00f318),rust/memchr/memchr2/wasm32,2.8.3,,69,1000000,720.78ms,60.00ns,0.00ns,64.00ns,12.00ns,60.00ns,4.45us
memchr/sherlock/never/tiny2,count-bytes,0.1.0 (rev 463d00f318),rust/memchr/memrchr2,2.8.3,,69,1000000,273.21ms,20.00ns,0.00ns,18.00ns,9.00ns,10.00ns,3.78us
memchr/sherlock/never/tiny2,count-bytes,0.1.0 (rev 463d00f318),rust/memchrold/memchr2,2.5.0,,69,1000000,270.24ms,20.00ns,0.00ns,17.00ns,9.00ns,10.00ns,3.04us
memchr/sherlock/never/tiny2,count-bytes,0.1.0 (rev 463d00f318),rust/memchrold/memrchr2,2.5.0,,69,1000000,270.54ms,20.00ns,0.00ns,17.00ns,8.00ns,10.00ns,1.77us
memchr/sherlock/never/tiny3,count-bytes,0.1.0 (rev 463d00f318),rust/memchr/memchr3,2.8.3,,69,1000000,270.22ms,20.00ns,0.00ns,18.00ns,8.00ns,10.00ns,3.14us
memchr/sherlock/never/tiny3,count-bytes,0.1.0 (rev 463d00f318),rust/memchr/memchr3/fallback,2.8.3,,69,1000000,270.06ms,20.00ns,0.00ns,21.00ns,6.00ns,20.00ns,1.88us
memchr/sherlock/never/tiny3,count-bytes,0.1.0 (rev 463d00f318),rust/memchr/memchr3/naive,2.8.3,,69,1000000,320.77ms,30.00ns,0.00ns,31.00ns,8.00ns,20.00ns,1.62us
memchr/sherlock/never/tiny3,count-bytes,0.1.0 (rev 463d00f318),rust/memchr/memchr3/wasm32,2.8.3,,69,1000000,720.58ms,60.00ns,0.00ns,65.00ns,17.00ns,60.00ns,12.30us
memchr/sherlock/never/tiny3,count-bytes,0.1.0 (rev 463d00f318),rust/memchr/memrchr3,2.8.3,,69,1000000,270.20ms,20.00ns,0.00ns,18.00ns,9.00ns,10.00ns,3.62us
memchr/sherlock/never/tiny3,count-bytes,0.1.0 (rev 463d00f318),rust/memchrold/memchr3,2.5.0,,69,1000000,270.15ms,20.00ns,0.00ns,18.00ns,7.00ns,10.00ns,2.60us
memchr/sherlock/never/tiny3,count-bytes,0.1.0 (rev 463d00f318),rust/memchrold/memrchr3,2.5.0,,69,1000000,271.43ms,20.00ns,0.00ns,17.00ns,8.00ns,10.00ns,2.49us
memchr/sherlock/never/empty1,count-bytes,0.1.0 (rev 463d00f318),libc/memchr/oneshot,unknown,,,1000000,272.46ms,20.00ns,0.00ns,16.00ns,8.00ns,10.00ns,3.01us
memchr/sherlock/never/empty1,count-bytes,0.1.0 (rev 463d00f318),rust/bytecount/memchr/oneshot,0.6.4,,,1000000,270.08ms,20.00ns,0.00ns,16.00ns,7.00ns,10.00ns,2.68us
memchr/sherlock/never/empty1,count-bytes,0.1.0 (rev 463d00f318),rust/bytecount/memchr/oneshot/wasm32,0.6.4,,,1000000,720.42ms,60.00ns,0.00ns,63.00ns,10.00ns,60.00ns,1.89us
memchr/sherlock/never/empty1,count-bytes,0.1.0 (rev 463d00f318),rust/memchr/memchr/onlycount,2.8.3,,,1000000,270.03ms,20.00ns,0.00ns,16.00ns,9.00ns,10.00ns,2.52us
memchr/sherlock/never/empty1,count-bytes,0.1.0 (rev 463d00f318),rust/memchr/memchr/onlycount/wasm32,2.8.3,,,1000000,720.39ms,60.00ns,0.00ns,63.00ns,10.00ns,60.00ns,2.22us
memchr/sherlock/never/empty1,count-bytes,0.1.0 (rev 463d00f318),rust/memchr/memchr/oneshot,2.8.3,,,1000000,269.85ms,20.00ns,0.00ns,17.00ns,8.00ns,10.00ns,2.03us
memchr/sherlock/never/empty1,count-bytes,0.1.0 (rev 463d00f318),rust/memchr/memchr/prebuilt,2.8.3,,,1000000,269.92ms,20.00ns,0.00ns,17.00ns,9.00ns,10.00ns,3.69us
memchr/sherlock/never/empty1,count-bytes,0.1.0 (rev 463d00f318),rust/memchr/memchr/fallback,2.8.3,,,1000000,273.09ms,20.00ns,0.00ns,16.00ns,8.00ns,10.00ns,2.37us
memchr/sherlock/never/empty1,count-bytes,0.1.0 (rev 463d00f318),rust/memchr/memchr/naive,2.8.3,,,1000000,270.02ms,20.00ns,0.00ns,16.00ns,8.00ns,10.00ns,3.00us
memchr/sherlock/never/empty1,count-bytes,0.1.0 (rev 463d00f318),rust/memchr/memchr/wasm32,2.8.3,,,1000000,720.40ms,60.00ns,0.00ns,63.00ns,11.00ns,60.00ns,1.61us
memchr/sherlock/never/empty1,count-bytes,0.1.0 (rev 463d00f318),rust/memchr/memrchr,2.8.3,,,1000000,270.08ms,20.00ns,0.00ns,17.00ns,21.00ns,10.00ns,19.05us
memchr/sherlock/never/empty1,count-bytes,0.1.0 (rev 463d00f318),rust/memchrold/memchr/oneshot,2.5.0,,,1000000,272.24ms,20.00ns,0.00ns,16.00ns,18.00ns,10.00ns,14.04us
memchr/sherlock/never/empty1,count-bytes,0.1.0 (rev 463d00f318),rust/memchrold/memchr/prebuilt,2.5.0,,,1000000,271.02ms,20.00ns,0.00ns,16.00ns,8.00ns,10.00ns,2.20us
memchr/sherlock/never/empty1,count-bytes,0.1.0 (rev 463d00f318),rust/memchrold/memchr/naive,2.5.0,,,1000000,270.21ms,20.00ns,0.00ns,16.00ns,9.00ns,10.00ns,3.72us
memchr/sherlock/never/empty1,count-bytes,0.1.0 (rev 463d00f318),rust/memchrold/memrchr,2.5.0,,,1000000,271.04ms,20.00ns,0.00ns,16.00ns,8.00ns,10.00ns,2.03us
memchr/sherlock/never/empty2,count-bytes,0.1.0 (rev 463d00f318),rust/memchr/memchr2,2.8.3,,,1000000,270.10ms,20.00ns,0.00ns,17.00ns,8.00ns,10.00ns,2.09us
memchr/sherlock/never/empty2,count-bytes,0.1.0 (rev 463d00f318),rust/memchr/memchr2/fallback,2.8.3,,,1000000,269.98ms,20.00ns,0.00ns,16.00ns,8.00ns,10.00ns,2.07us
memchr/sherlock/never/empty2,count-bytes,0.1.0 (rev 463d00f318),rust/memchr/memchr2/naive,2.8.3,,,1000000,269.95ms,20.00ns,0.00ns,16.00ns,8.00ns,10.00ns,2.15us
memchr/sherlock/never/empty2,count-bytes,0.1.0 (rev 463d00f318),rust/memchr/memchr2/wasm32,2.8.3,,,1000000,720.33ms,60.00ns,0.00ns,64.00ns,12.00ns,60.00ns,2.04us
memchr/sherlock/never/empty2,count-bytes,0.1.0 (rev 463d00f318),rust/memchr/memrchr2,2.8.3,,,1000000,269.94ms,20.00ns,0.00ns,17.00ns,7.00ns,10.00ns,1.78us
memchr/sherlock/never/empty2,count-bytes,0.1.0 (rev 463d00f318),rust/memchrold/memchr2,2.5.0,,,1000000,269.86ms,20.00ns,0.00ns,16.00ns,7.00ns,10.00ns,3.43us
memchr/sherlock/never/empty2,count-bytes,0.1.0 (rev 463d00f318),rust/memchrold/memrchr2,2.5.0,,,1000000,269.86ms,20.00ns,0.00ns,16.00ns,8.00ns,10.00ns,2.37us
memchr/sherlock/never/empty3,count-bytes,0.1.0 (rev 463d00f318),rust/memchr/memchr3,2.8.3,,,1000000,269.89ms,20.00ns,0.00ns,17.00ns,8.00ns,10.00ns,2.35us
memchr/sherlock/never/empty3,count-bytes,0.1.0 (rev 463d00f318),rust/memchr/memchr3/fallback,2.8.3,,,1000000,269.78ms,20.00ns,0.00ns,16.00ns,10.00ns,10.00ns,5.78us
memchr/sherlock/never/empty3,count-bytes,0.1.0 (rev 463d00f318),rust/memchr/memchr3/naive,2.8.3,,,1000000,270.02ms,20.00ns,0.00ns,16.00ns,20.00ns,10.00ns,18.19us
memchr/sherlock/never/empty3,count-bytes,0.1.0 (rev 463d00f318),rust/memchr/memchr3/wasm32,2.8.3,,,1000000,720.47ms,60.00ns,0.00ns,63.00ns,12.00ns,60.00ns,5.36us
memchr/sherlock/never/empty3,count-bytes,0.1.0 (rev 463d00f318),rust/memchr/memrchr3,2.8.3,,,1000000,270.04ms,20.00ns,0.00ns,17.00ns,9.00ns,10.00ns,3.45us
memchr/sherlock/never/empty3,count-bytes,0.1.0 (rev 463d00f318),rust/memchrold/memchr3,2.5.0,,,1000000,269.99ms,20.00ns,0.00ns,16.00ns,7.00ns,10.00ns,1.67us
memchr/sherlock/never/empty3,count-bytes,0.1.0 (rev 463d00f318),rust/memchrold/memrchr3,2.5.0,,,1000000,269.99ms,20.00ns,0.00ns,16.00ns,8.00ns,10.00ns,2.09us
memchr/sherlock/rare/huge1,count-bytes,0.1.0 (rev 463d00f318),libc/memchr/oneshot,unknown,,594933,1000000,4.68s,2.83us,50.00ns,2.93us,521.00ns,2.67us,286.86us
memchr/sherlock/rare/huge1,count-bytes,0.1.0 (rev 463d00f318),rust/bytecount/memchr/oneshot,0.6.4,,594933,207310,4.56s,14.40us,20.00ns,14.43us,1.73us,14.13us,629.57us
memchr/sherlock/rare/huge1,count-bytes,0.1.0 (rev 463d00f318),rust/bytecount/memchr/oneshot/wasm32,0.6.4,,594933,178787,4.61s,16.70us,200.00ns,16.64us,1.17us,16.24us,297.06us
memchr/sherlock/rare/huge1,count-bytes,0.1.0 (rev 463d00f318),rust/memchr/memchr/onlycount,2.8.3,,594933,368795,4.61s,8.07us,10.00ns,8.09us,1.38us,7.96us,687.95us
memchr/sherlock/rare/huge1,count-bytes,0.1.0 (rev 463d00f318),rust/memchr/memchr/onlycount/wasm32,2.8.3,,594933,429701,4.71s,6.81us,10.00ns,6.84us,773.00ns,6.68us,287.39us
memchr/sherlock/rare/huge1,count-bytes,0.1.0 (rev 463d00f318),rust/memchr/memchr/oneshot,2.8.3,,594933,850778,4.67s,3.48us,30.00ns,3.49us,785.00ns,3.33us,535.01us
memchr/sherlock/rare/huge1,count-bytes,0.1.0 (rev 463d00f318),rust/memchr/memchr/prebuilt,2.8.3,,594933,931841,4.68s,3.17us,20.00ns,3.18us,511.00ns,3.07us,284.73us
memchr/sherlock/rare/huge1,count-bytes,0.1.0 (rev 463d00f318),rust/memchr/memchr/fallback,2.8.3,,594933,136652,4.56s,21.86us,30.00ns,21.91us,2.31us,21.47us,723.64us
memchr/sherlock/rare/huge1,count-bytes,0.1.0 (rev 463d00f318),rust/memchr/memchr/naive,2.8.3,,594933,26157,4.55s,114.49us,130.00ns,114.65us,3.02us,113.82us,392.17us
memchr/sherlock/rare/huge1,count-bytes,0.1.0 (rev 463d00f318),rust/memchr/memchr/wasm32,2.8.3,,594933,314598,4.66s,9.38us,10.00ns,9.40us,874.00ns,9.28us,290.23us
memchr/sherlock/rare/huge1,count-bytes,0.1.0 (rev 463d00f318),rust/memchr/memrchr,2.8.3,,594933,926048,4.67s,3.08us,10.00ns,3.20us,579.00ns,3.01us,286.00us
memchr/sherlock/rare/huge1,count-bytes,0.1.0 (rev 463d00f318),rust/memchrold/memchr/oneshot,2.5.0,,594933,952909,4.73s,3.10us,10.00ns,3.11us,505.00ns,3.05us,284.99us
memchr/sherlock/rare/huge1,count-bytes,0.1.0 (rev 463d00f318),rust/memchrold/memchr/prebuilt,2.5.0,,594933,943456,4.67s,3.13us,10.00ns,3.14us,508.00ns,3.07us,285.45us
memchr/sherlock/rare/huge1,count-bytes,0.1.0 (rev 463d00f318),rust/memchrold/memrchr,2.5.0,,594933,1000000,4.68s,2.92us,10.00ns,2.93us,490.00ns,2.87us,282.24us
memchr/sherlock/rare/huge2,count-bytes,0.1.0 (rev 463d00f318),rust/memchr/memchr2,2.8.3,,594933,489156,4.62s,6.08us,10.00ns,6.10us,1.50us,6.01us,938.72us
memchr/sherlock/rare/huge2,count-bytes,0.1.0 (rev 463d00f318),rust/memchr/memchr2/fallback,2.8.3,,594933,68105,4.56s,44.06us,270.00ns,44.01us,2.11us,42.29us,323.93us
memchr/sherlock/rare/huge2,count-bytes,0.1.0 (rev 463d00f318),rust/memchr/memchr2/naive,2.8.3,,594933,13824,4.50s,216.50us,200.00ns,216.98us,8.94us,214.66us,1.15ms
memchr/sherlock/rare/huge2,count-bytes,0.1.0 (rev 463d00f318),rust/memchr/memchr2/wasm32,2.8.3,,594933,232341,4.61s,12.18us,60.00ns,12.77us,1.50us,12.00us,291.60us
memchr/sherlock/rare/huge2,count-bytes,0.1.0 (rev 463d00f318),rust/memchr/memrchr2,2.8.3,,594933,543899,4.62s,5.46us,20.00ns,5.48us,832.00ns,5.38us,462.88us
memchr/sherlock/rare/huge2,count-bytes,0.1.0 (rev 463d00f318),rust/memchrold/memchr2,2.5.0,,594933,552989,4.62s,5.37us,30.00ns,5.38us,660.00ns,5.26us,286.26us
memchr/sherlock/rare/huge2,count-bytes,0.1.0 (rev 463d00f318),rust/memchrold/memrchr2,2.5.0,,594933,553256,4.62s,5.37us,20.00ns,5.38us,1.43us,5.28us,949.56us
memchr/sherlock/rare/huge3,count-bytes,0.1.0 (rev 463d00f318),rust/memchr/memchr3,2.8.3,,594933,370793,4.61s,8.03us,20.00ns,8.05us,808.00ns,7.91us,290.50us
memchr/sherlock/rare/huge3,count-bytes,0.1.0 (rev 463d00f318),rust/memchr/memchr3/fallback,2.8.3,,594933,52700,4.56s,56.79us,60.00ns,56.88us,2.14us,56.37us,336.65us
memchr/sherlock/rare/huge3,count-bytes,0.1.0 (rev 463d00f318),rust/memchr/memchr3/naive,2.8.3,,594933,13784,4.50s,217.58us,650.00ns,217.61us,4.20us,215.80us,497.95us
memchr/sherlock/rare/huge3,count-bytes,0.1.0 (rev 463d00f318),rust/memchr/memchr3/wasm32,2.8.3,,594933,230968,4.61s,12.71us,20.00ns,12.85us,1.12us,12.54us,293.66us
memchr/sherlock/rare/huge3,count-bytes,0.1.0 (rev 463d00f318),rust/memchr/memrchr3,2.8.3,,594933,410496,4.61s,7.25us,9.00ns,7.27us,1.14us,7.19us,731.56us
memchr/sherlock/rare/huge3,count-bytes,0.1.0 (rev 463d00f318),rust/memchrold/memchr3,2.5.0,,594933,416483,4.61s,7.15us,10.00ns,7.16us,145.00ns,7.03us,34.03us
memchr/sherlock/rare/huge3,count-bytes,0.1.0 (rev 463d00f318),rust/memchrold/memrchr3,2.5.0,,594933,420761,4.61s,7.08us,10.00ns,7.09us,1.31us,7.01us,855.17us
memchr/sherlock/rare/small1,count-bytes,0.1.0 (rev 463d00f318),libc/memchr/oneshot,unknown,,664,1000000,269.99ms,20.00ns,0.00ns,19.00ns,6.00ns,10.00ns,2.22us
memchr/sherlock/rare/small1,count-bytes,0.1.0 (rev 463d00f318),rust/bytecount/memchr/oneshot,0.6.4,,664,1000000,320.58ms,30.00ns,0.00ns,30.00ns,7.00ns,20.00ns,2.32us
memchr/sherlock/rare/small1,count-bytes,0.1.0 (rev 463d00f318),rust/bytecount/memchr/oneshot/wasm32,0.6.4,,664,1000000,770.61ms,80.00ns,0.00ns,77.00ns,12.00ns,70.00ns,1.95us
memchr/sherlock/rare/small1,count-bytes,0.1.0 (rev 463d00f318),rust/memchr/memchr/onlycount,2.8.3,,664,1000000,269.93ms,30.00ns,0.00ns,27.00ns,10.00ns,20.00ns,2.16us
memchr/sherlock/rare/small1,count-bytes,0.1.0 (rev 463d00f318),rust/memchr/memchr/onlycount/wasm32,2.8.3,,664,1000000,770.57ms,70.00ns,0.00ns,74.00ns,12.00ns,70.00ns,2.70us
memchr/sherlock/rare/small1,count-bytes,0.1.0 (rev 463d00f318),rust/memchr/memchr/oneshot,2.8.3,,664,1000000,270.05ms,20.00ns,0.00ns,21.00ns,9.00ns,20.00ns,4.19us
memchr/sherlock/rare/small1,count-bytes,0.1.0 (rev 463d00f318),rust/memchr/memchr/prebuilt,2.8.3,,664,1000000,269.76ms,20.00ns,0.00ns,20.00ns,7.00ns,10.00ns,4.15us
memchr/sherlock/rare/small1,count-bytes,0.1.0 (rev 463d00f318),rust/memchr/memchr/fallback,2.8.3,,664,1000000,320.61ms,40.00ns,0.00ns,37.00ns,9.00ns,30.00ns,1.73us
memchr/sherlock/rare/small1,count-bytes,0.1.0 (rev 463d00f318),rust/memchr/memchr/naive,2.8.3,,664,1000000,670.81ms,170.00ns,0.00ns,167.00ns,17.00ns,150.00ns,5.62us
memchr/sherlock/rare/small1,count-bytes,0.1.0 (rev 463d00f318),rust/memchr/memchr/wasm32,2.8.3,,664,1000000,770.36ms,70.00ns,0.00ns,70.00ns,10.00ns,60.00ns,1.61us
memchr/sherlock/rare/small1,count-bytes,0.1.0 (rev 463d00f318),rust/memchr/memrchr,2.8.3,,664,1000000,270.26ms,20.00ns,0.00ns,21.00ns,9.00ns,20.00ns,2.87us
memchr/sherlock/rare/small1,count-bytes,0.1.0 (rev 463d00f318),rust/memchrold/memchr/oneshot,2.5.0,,664,1000000,269.93ms,20.00ns,0.00ns,20.00ns,7.00ns,10.00ns,2.44us
memchr/sherlock/rare/small1,count-bytes,0.1.0 (rev 463d00f318),rust/memchrold/memchr/prebuilt,2.5.0,,664,1000000,269.86ms,20.00ns,0.00ns,19.00ns,8.00ns,10.00ns,2.03us
memchr/sherlock/rare/small1,count-bytes,0.1.0 (rev 463d00f318),rust/memchrold/memchr/naive,2.5.0,,664,1000000,573.80ms,170.00ns,0.00ns,167.00ns,22.00ns,150.00ns,11.54us
memchr/sherlock/rare/small1,count-bytes,0.1.0 (rev 463d00f318),rust/memchrold/memrchr,2.5.0,,664,1000000,270.17ms,20.00ns,0.00ns,19.00ns,7.00ns,10.00ns,1.82us
memchr/sherlock/rare/small2,count-bytes,0.1.0 (rev 463d00f318),rust/memchr/memchr2,2.8.3,,664,1000000,269.82ms,20.00ns,0.00ns,25.00ns,8.00ns,20.00ns,2.43us
memchr/sherlock/rare/small2,count-bytes,0.1.0 (rev 463d00f318),rust/memchr/memchr2/fallback,2.8.3,,664,1000000,370.62ms,60.00ns,0.00ns,61.00ns,11.00ns,50.00ns,2.74us
memchr/sherlock/rare/small2,count-bytes,0.1.0 (rev 463d00f318),rust/memchr/memchr2/naive,2.8.3,,664,1000000,721.06ms,270.00ns,0.00ns,274.00ns,25.00ns,190.00ns,10.22us
memchr/sherlock/rare/small2,count-bytes,0.1.0 (rev 463d00f318),rust/memchr/memchr2/wasm32,2.8.3,,664,1000000,770.34ms,80.00ns,0.00ns,76.00ns,12.00ns,70.00ns,3.13us
memchr/sherlock/rare/small2,count-bytes,0.1.0 (rev 463d00f318),rust/memchr/memrchr2,2.8.3,,664,1000000,270.02ms,30.00ns,0.00ns,25.00ns,20.00ns,20.00ns,16.79us
memchr/sherlock/rare/small2,count-bytes,0.1.0 (rev 463d00f318),rust/memchrold/memchr2,2.5.0,,664,1000000,269.87ms,20.00ns,0.00ns,24.00ns,16.00ns,20.00ns,12.86us
memchr/sherlock/rare/small2,count-bytes,0.1.0 (rev 463d00f318),rust/memchrold/memrchr2,2.5.0,,664,1000000,269.80ms,20.00ns,0.00ns,24.00ns,8.00ns,20.00ns,1.97us
memchr/sherlock/rare/small3,count-bytes,0.1.0 (rev 463d00f318),rust/memchr/memchr3,2.8.3,,664,1000000,320.44ms,30.00ns,0.00ns,30.00ns,8.00ns,20.00ns,2.22us
memchr/sherlock/rare/small3,count-bytes,0.1.0 (rev 463d00f318),rust/memchr/memchr3/fallback,2.8.3,,664,1000000,420.88ms,70.00ns,0.00ns,75.00ns,12.00ns,70.00ns,2.81us
memchr/sherlock/rare/small3,count-bytes,0.1.0 (rev 463d00f318),rust/memchr/memchr3/naive,2.8.3,,664,1000000,821.66ms,280.00ns,0.00ns,280.00ns,48.00ns,210.00ns,35.28us
memchr/sherlock/rare/small3,count-bytes,0.1.0 (rev 463d00f318),rust/memchr/memchr3/wasm32,2.8.3,,664,1000000,770.44ms,80.00ns,0.00ns,79.00ns,12.00ns,70.00ns,4.12us
memchr/sherlock/rare/small3,count-bytes,0.1.0 (rev 463d00f318),rust/memchr/memrchr3,2.8.3,,664,1000000,320.50ms,30.00ns,0.00ns,31.00ns,8.00ns,20.00ns,1.94us
memchr/sherlock/rare/small3,count-bytes,0.1.0 (rev 463d00f318),rust/memchrold/memchr3,2.5.0,,664,1000000,269.99ms,30.00ns,0.00ns,29.00ns,8.00ns,20.00ns,2.32us
memchr/sherlock/rare/small3,count-bytes,0.1.0 (rev 463d00f318),rust/memchrold/memrchr3,2.5.0,,664,1000000,270.20ms,30.00ns,0.00ns,29.00ns,8.00ns,20.00ns,2.81us
memchr/sherlock/rare/tiny1,count-bytes,0.1.0 (rev 463d00f318),libc/memchr/oneshot,unknown,,69,1000000,270.10ms,20.00ns,0.00ns,18.00ns,19.00ns,10.00ns,16.92us
memchr/sherlock/rare/tiny1,count-bytes,0.1.0 (rev 463d00f318),rust/bytecount/memchr/oneshot,0.6.4,,69,1000000,270.02ms,20.00ns,0.00ns,18.00ns,7.00ns,10.00ns,2.00us
memchr/sherlock/rare/tiny1,count-bytes,0.1.0 (rev 463d00f318),rust/bytecount/memchr/oneshot/wasm32,0.6.4,,69,1000000,720.46ms,70.00ns,0.00ns,68.00ns,11.00ns,60.00ns,2.42us
memchr/sherlock/rare/tiny1,count-bytes,0.1.0 (rev 463d00f318),rust/memchr/memchr/onlycount,2.8.3,,69,1000000,269.89ms,20.00ns,0.00ns,20.00ns,9.00ns,20.00ns,3.61us
memchr/sherlock/rare/tiny1,count-bytes,0.1.0 (rev 463d00f318),rust/memchr/memchr/onlycount/wasm32,2.8.3,,69,1000000,720.41ms,70.00ns,0.00ns,68.00ns,11.00ns,60.00ns,2.09us
memchr/sherlock/rare/tiny1,count-bytes,0.1.0 (rev 463d00f318),rust/memchr/memchr/oneshot,2.8.3,,69,1000000,270.10ms,20.00ns,0.00ns,19.00ns,8.00ns,10.00ns,2.28us
memchr/sherlock/rare/tiny1,count-bytes,0.1.0 (rev 463d00f318),rust/memchr/memchr/prebuilt,2.8.3,,69,1000000,269.80ms,20.00ns,0.00ns,19.00ns,6.00ns,10.00ns,1.95us
memchr/sherlock/rare/tiny1,count-bytes,0.1.0 (rev 463d00f318),rust/memchr/memchr/fallback,2.8.3,,69,1000000,269.77ms,20.00ns,0.00ns,19.00ns,10.00ns,10.00ns,7.48us
memchr/sherlock/rare/tiny1,count-bytes,0.1.0 (rev 463d00f318),rust/memchr/memchr/naive,2.8.3,,69,1000000,269.89ms,20.00ns,0.00ns,25.00ns,12.00ns,20.00ns,7.36us
memchr/sherlock/rare/tiny1,count-bytes,0.1.0 (rev 463d00f318),rust/memchr/memchr/wasm32,2.8.3,,69,1000000,720.38ms,60.00ns,0.00ns,65.00ns,11.00ns,60.00ns,1.73us
memchr/sherlock/rare/tiny1,count-bytes,0.1.0 (rev 463d00f318),rust/memchr/memrchr,2.8.3,,69,1000000,269.93ms,20.00ns,0.00ns,19.00ns,9.00ns,10.00ns,3.43us
memchr/sherlock/rare/tiny1,count-bytes,0.1.0 (rev 463d00f318),rust/memchrold/memchr/oneshot,2.5.0,,69,1000000,271.22ms,20.00ns,0.00ns,18.00ns,16.00ns,10.00ns,12.36us
memchr/sherlock/rare/tiny1,count-bytes,0.1.0 (rev 463d00f318),rust/memchrold/memchr/prebuilt,2.5.0,,69,1000000,270.03ms,20.00ns,0.00ns,18.00ns,15.00ns,10.00ns,13.33us
memchr/sherlock/rare/tiny1,count-bytes,0.1.0 (rev 463d00f318),rust/memchrold/memchr/naive,2.5.0,,69,1000000,269.80ms,30.00ns,0.00ns,25.00ns,9.00ns,20.00ns,1.83us
memchr/sherlock/rare/tiny1,count-bytes,0.1.0 (rev 463d00f318),rust/memchrold/memrchr,2.5.0,,69,1000000,270.06ms,20.00ns,0.00ns,18.00ns,8.00ns,10.00ns,2.93us
memchr/sherlock/rare/tiny2,count-bytes,0.1.0 (rev 463d00f318),rust/memchr/memchr2,2.8.3,,69,1000000,269.97ms,20.00ns,0.00ns,21.00ns,6.00ns,20.00ns,1.72us
memchr/sherlock/rare/tiny2,count-bytes,0.1.0 (rev 463d00f318),rust/memchr/memchr2/fallback,2.8.3,,69,1000000,269.81ms,20.00ns,0.00ns,22.00ns,18.00ns,20.00ns,16.09us
memchr/sherlock/rare/tiny2,count-bytes,0.1.0 (rev 463d00f318),rust/memchr/memchr2/naive,2.8.3,,69,1000000,269.81ms,30.00ns,0.00ns,29.00ns,11.00ns,20.00ns,5.38us
memchr/sherlock/rare/tiny2,count-bytes,0.1.0 (rev 463d00f318),rust/memchr/memchr2/wasm32,2.8.3,,69,1000000,720.35ms,70.00ns,0.00ns,66.00ns,13.00ns,60.00ns,5.08us
memchr/sherlock/rare/tiny2,count-bytes,0.1.0 (rev 463d00f318),rust/memchr/memrchr2,2.8.3,,69,1000000,269.85ms,20.00ns,0.00ns,22.00ns,10.00ns,20.00ns,2.98us
memchr/sherlock/rare/tiny2,count-bytes,0.1.0 (rev 463d00f318),rust/memchrold/memchr2,2.5.0,,69,1000000,269.77ms,20.00ns,0.00ns,19.00ns,8.00ns,10.00ns,2.42us
memchr/sherlock/rare/tiny2,count-bytes,0.1.0 (rev 463d00f318),rust/memchrold/memrchr2,2.5.0,,69,1000000,270.00ms,20.00ns,0.00ns,20.00ns,7.00ns,10.00ns,3.23us
memchr/sherlock/rare/tiny3,count-bytes,0.1.0 (rev 463d00f318),rust/memchr/memchr3,2.8.3,,69,1000000,269.79ms,20.00ns,0.00ns,24.00ns,12.00ns,20.00ns,7.96us
memchr/sherlock/rare/tiny3,count-bytes,0.1.0 (rev 463d00f318),rust/memchr/memchr3/fallback,2.8.3,,69,1000000,269.82ms,20.00ns,0.00ns,23.00ns,18.00ns,20.00ns,13.22us
memchr/sherlock/rare/tiny3,count-bytes,0.1.0 (rev 463d00f318),rust/memchr/memchr3/naive,2.8.3,,69,1000000,320.67ms,30.00ns,0.00ns,29.00ns,8.00ns,20.00ns,1.82us
memchr/sherlock/rare/tiny3,count-bytes,0.1.0 (rev 463d00f318),rust/memchr/memchr3/wasm32,2.8.3,,69,1000000,720.51ms,70.00ns,0.00ns,67.00ns,11.00ns,60.00ns,1.63us
memchr/sherlock/rare/tiny3,count-bytes,0.1.0 (rev 463d00f318),rust/memchr/memrchr3,2.8.3,,69,1000000,269.85ms,20.00ns,0.00ns,23.00ns,7.00ns,20.00ns,2.53us
memchr/sherlock/rare/tiny3,count-bytes,0.1.0 (rev 463d00f318),rust/memchrold/memchr3,2.5.0,,69,1000000,269.83ms,20.00ns,0.00ns,23.00ns,17.00ns,20.00ns,14.41us
memchr/sherlock/rare/tiny3,count-bytes,0.1.0 (rev 463d00f318),rust/memchrold/memrchr3,2.5.0,,69,1000000,269.94ms,20.00ns,0.00ns,20.00ns,6.00ns,10.00ns,1.96us
memchr/sherlock/uncommon/huge1,count-bytes,0.1.0 (rev 463d00f318),libc/memchr/oneshot,unknown,,594933,117928,4.56s,25.35us,10.00ns,25.40us,288.00ns,25.23us,60.47us
memchr/sherlock/uncommon/huge1,count-bytes,0.1.0 (rev 463d00f318),rust/bytecount/memchr/oneshot,0.6.4,,594933,206360,4.56s,14.47us,30.00ns,14.50us,184.00ns,14.28us,29.09us
memchr/sherlock/uncommon/huge1,count-bytes,0.1.0 (rev 463d00f318),rust/bytecount/memchr/oneshot/wasm32,0.6.4,,594933,178396,4.61s,16.73us,190.00ns,16.66us,249.00ns,16.36us,32.18us
memchr/sherlock/uncommon/huge1,count-bytes,0.1.0 (rev 463d00f318),rust/memchr/memchr/onlycount,2.8.3,,594933,368719,4.61s,8.08us,10.00ns,8.10us,129.00ns,8.01us,23.87us
memchr/sherlock/uncommon/huge1,count-bytes,0.1.0 (rev 463d00f318),rust/memchr/memchr/onlycount/wasm32,2.8.3,,594933,429304,4.71s,6.84us,10.00ns,6.85us,119.00ns,6.71us,24.17us
memchr/sherlock/uncommon/huge1,count-bytes,0.1.0 (rev 463d00f318),rust/memchr/memchr/oneshot,2.8.3,,594933,142233,4.56s,21.01us,40.00ns,21.05us,2.33us,20.66us,884.99us
memchr/sherlock/uncommon/huge1,count-bytes,0.1.0 (rev 463d00f318),rust/memchr/memchr/prebuilt,2.8.3,,594933,139999,4.56s,21.35us,20.00ns,21.39us,361.00ns,21.17us,75.58us
memchr/sherlock/uncommon/huge1,count-bytes,0.1.0 (rev 463d00f318),rust/memchr/memchr/fallback,2.8.3,,594933,94074,4.56s,31.73us,50.00ns,31.85us,2.24us,31.15us,676.86us
memchr/sherlock/uncommon/huge1,count-bytes,0.1.0 (rev 463d00f318),rust/memchr/memchr/naive,2.8.3,,594933,19011,4.51s,157.60us,390.00ns,157.77us,723.00ns,156.51us,172.78us
memchr/sherlock/uncommon/huge1,count-bytes,0.1.0 (rev 463d00f318),rust/memchr/memchr/wasm32,2.8.3,,594933,132389,4.61s,22.47us,10.00ns,22.52us,1.67us,22.30us,601.38us
memchr/sherlock/uncommon/huge1,count-bytes,0.1.0 (rev 463d00f318),rust/memchr/memrchr,2.8.3,,594933,133489,4.56s,22.37us,80.00ns,22.44us,426.00ns,21.91us,76.82us
memchr/sherlock/uncommon/huge1,count-bytes,0.1.0 (rev 463d00f318),rust/memchrold/memchr/oneshot,2.5.0,,594933,134227,4.56s,22.27us,20.00ns,22.31us,2.21us,22.10us,826.06us
memchr/sherlock/uncommon/huge1,count-bytes,0.1.0 (rev 463d00f318),rust/memchrold/memchr/prebuilt,2.5.0,,594933,134121,4.56s,22.29us,20.00ns,22.33us,313.00ns,22.14us,66.14us
memchr/sherlock/uncommon/huge1,count-bytes,0.1.0 (rev 463d00f318),rust/memchrold/memchr/naive,2.5.0,,594933,18653,4.51s,160.97us,480.00ns,160.80us,1.10us,158.43us,196.04us
memchr/sherlock/uncommon/huge1,count-bytes,0.1.0 (rev 463d00f318),rust/memchrold/memrchr,2.5.0,,594933,143040,4.56s,20.90us,20.00ns,20.93us,315.00ns,20.74us,65.04us
memchr/sherlock/uncommon/huge2,count-bytes,0.1.0 (rev 463d00f318),rust/memchr/memchr2,2.8.3,,594933,47404,4.56s,62.20us,840.00ns,63.25us,3.70us,60.67us,139.98us
memchr/sherlock/uncommon/huge2,count-bytes,0.1.0 (rev 463d00f318),rust/memchr/memchr2/fallback,2.8.3,,594933,17965,4.51s,165.47us,2.02us,166.95us,4.14us,161.94us,198.45us
memchr/sherlock/uncommon/huge2,count-bytes,0.1.0 (rev 463d00f318),rust/memchr/memchr2/naive,2.8.3,,594933,10826,4.50s,276.99us,1.21us,277.09us,1.61us,274.25us,300.40us
memchr/sherlock/uncommon/huge2,count-bytes,0.1.0 (rev 463d00f318),rust/memchr/memchr2/wasm32,2.8.3,,594933,61273,4.56s,48.66us,200.00ns,48.81us,3.40us,47.85us,550.71us
memchr/sherlock/uncommon/huge2,count-bytes,0.1.0 (rev 463d00f318),rust/memchr/memrchr2,2.8.3,,594933,44849,4.56s,65.91us,670.00ns,66.85us,3.15us,64.17us,144.32us
memchr/sherlock/uncommon/huge2,count-bytes,0.1.0 (rev 463d00f318),rust/memchrold/memchr2,2.5.0,,594933,59031,4.56s,50.58us,200.00ns,50.78us,2.59us,49.83us,594.96us
memchr/sherlock/uncommon/huge2,count-bytes,0.1.0 (rev 463d00f318),rust/memchrold/memrchr2,2.5.0,,594933,59889,4.56s,49.96us,130.00ns,50.05us,1.12us,49.32us,130.93us
memchr/sherlock/uncommon/huge3,count-bytes,0.1.0 (rev 463d00f318),rust/memchr/memchr3,2.8.3,,594933,24510,4.56s,121.39us,860.00ns,122.36us,4.29us,117.79us,677.39us
memchr/sherlock/uncommon/huge3,count-bytes,0.1.0 (rev 463d00f318),rust/memchr/memchr3/fallback,2.8.3,,594933,11219,4.50s,267.14us,1.26us,267.37us,1.76us,263.43us,282.81us
memchr/sherlock/uncommon/huge3,count-bytes,0.1.0 (rev 463d00f318),rust/memchr/memchr3/naive,2.8.3,,594933,9264,4.50s,323.43us,1.38us,323.81us,2.18us,320.06us,354.13us
memchr/sherlock/uncommon/huge3,count-bytes,0.1.0 (rev 463d00f318),rust/memchr/memchr3/wasm32,2.8.3,,594933,32424,4.56s,92.40us,1.01us,92.38us,1.23us,90.18us,107.56us
memchr/sherlock/uncommon/huge3,count-bytes,0.1.0 (rev 463d00f318),rust/memchr/memrchr3,2.8.3,,594933,23979,4.56s,124.27us,1.06us,125.07us,2.35us,122.23us,174.57us
memchr/sherlock/uncommon/huge3,count-bytes,0.1.0 (rev 463d00f318),rust/memchrold/memchr3,2.5.0,,594933,35254,4.56s,84.19us,580.00ns,85.05us,4.33us,83.10us,704.50us
memchr/sherlock/uncommon/huge3,count-bytes,0.1.0 (rev 463d00f318),rust/memchrold/memrchr3,2.5.0,,594933,36566,4.56s,81.51us,501.00ns,82.00us,2.09us,80.58us,174.27us
memchr/sherlock/uncommon/small1,count-bytes,0.1.0 (rev 463d00f318),libc/memchr/oneshot,unknown,,664,1000000,320.38ms,50.00ns,0.00ns,45.00ns,11.00ns,40.00ns,2.27us
memchr/sherlock/uncommon/small1,count-bytes,0.1.0 (rev 463d00f318),rust/bytecount/memchr/oneshot,0.6.4,,664,1000000,320.68ms,30.00ns,0.00ns,30.00ns,8.00ns,20.00ns,3.50us
memchr/sherlock/uncommon/small1,count-bytes,0.1.0 (rev 463d00f318),rust/bytecount/memchr/oneshot/wasm32,0.6.4,,664,1000000,770.50ms,80.00ns,0.00ns,78.00ns,14.00ns,70.00ns,5.75us
memchr/sherlock/uncommon/small1,count-bytes,0.1.0 (rev 463d00f318),rust/memchr/memchr/onlycount,2.8.3,,664,1000000,270.23ms,30.00ns,0.00ns,27.00ns,8.00ns,20.00ns,1.60us
memchr/sherlock/uncommon/small1,count-bytes,0.1.0 (rev 463d00f318),rust/memchr/memchr/onlycount/wasm32,2.8.3,,664,1000000,720.44ms,70.00ns,0.00ns,74.00ns,12.00ns,70.00ns,2.21us
memchr/sherlock/uncommon/small1,count-bytes,0.1.0 (rev 463d00f318),rust/memchr/memchr/oneshot,2.8.3,,664,1000000,320.24ms,40.00ns,0.00ns,43.00ns,10.00ns,40.00ns,2.09us
memchr/sherlock/uncommon/small1,count-bytes,0.1.0 (rev 463d00f318),rust/memchr/memchr/prebuilt,2.8.3,,664,1000000,320.85ms,40.00ns,0.00ns,38.00ns,9.00ns,30.00ns,2.21us
memchr/sherlock/uncommon/small1,count-bytes,0.1.0 (rev 463d00f318),rust/memchr/memchr/fallback,2.8.3,,664,1000000,320.24ms,50.00ns,0.00ns,48.00ns,10.00ns,40.00ns,2.98us
memchr/sherlock/uncommon/small1,count-bytes,0.1.0 (rev 463d00f318),rust/memchr/memchr/naive,2.8.3,,664,1000000,571.00ms,170.00ns,0.00ns,171.00ns,15.00ns,150.00ns,2.25us
memchr/sherlock/uncommon/small1,count-bytes,0.1.0 (rev 463d00f318),rust/memchr/memchr/wasm32,2.8.3,,664,1000000,770.61ms,90.00ns,0.00ns,87.00ns,21.00ns,80.00ns,17.54us
memchr/sherlock/uncommon/small1,count-bytes,0.1.0 (rev 463d00f318),rust/memchr/memrchr,2.8.3,,664,1000000,320.12ms,50.00ns,0.00ns,46.00ns,12.00ns,40.00ns,6.38us
memchr/sherlock/uncommon/small1,count-bytes,0.1.0 (rev 463d00f318),rust/memchrold/memchr/oneshot,2.5.0,,664,1000000,320.64ms,40.00ns,0.00ns,40.00ns,22.00ns,30.00ns,20.25us
memchr/sherlock/uncommon/small1,count-bytes,0.1.0 (rev 463d00f318),rust/memchrold/memchr/prebuilt,2.5.0,,664,1000000,370.89ms,40.00ns,0.00ns,42.00ns,12.00ns,40.00ns,5.86us
memchr/sherlock/uncommon/small1,count-bytes,0.1.0 (rev 463d00f318),rust/memchrold/memchr/naive,2.5.0,,664,1000000,621.41ms,170.00ns,0.00ns,171.00ns,26.00ns,160.00ns,18.87us
memchr/sherlock/uncommon/small1,count-bytes,0.1.0 (rev 463d00f318),rust/memchrold/memrchr,2.5.0,,664,1000000,320.60ms,40.00ns,0.00ns,38.00ns,10.00ns,30.00ns,2.63us
memchr/sherlock/uncommon/small2,count-bytes,0.1.0 (rev 463d00f318),rust/memchr/memchr2,2.8.3,,664,1000000,371.60ms,70.00ns,0.00ns,68.00ns,16.00ns,60.00ns,9.41us
memchr/sherlock/uncommon/small2,count-bytes,0.1.0 (rev 463d00f318),rust/memchr/memchr2/fallback,2.8.3,,664,1000000,371.23ms,80.00ns,0.00ns,78.00ns,12.00ns,70.00ns,1.99us
memchr/sherlock/uncommon/small2,count-bytes,0.1.0 (rev 463d00f318),rust/memchr/memchr2/naive,2.8.3,,664,1000000,722.78ms,250.00ns,0.00ns,247.00ns,20.00ns,240.00ns,5.23us
memchr/sherlock/uncommon/small2,count-bytes,0.1.0 (rev 463d00f318),rust/memchr/memchr2/wasm32,2.8.3,,664,1000000,822.43ms,110.00ns,0.00ns,114.00ns,22.00ns,100.00ns,16.64us
memchr/sherlock/uncommon/small2,count-bytes,0.1.0 (rev 463d00f318),rust/memchr/memrchr2,2.8.3,,664,1000000,371.74ms,70.00ns,0.00ns,71.00ns,11.00ns,60.00ns,2.17us
memchr/sherlock/uncommon/small2,count-bytes,0.1.0 (rev 463d00f318),rust/memchrold/memchr2,2.5.0,,664,1000000,371.50ms,70.00ns,0.00ns,72.00ns,13.00ns,60.00ns,5.91us
memchr/sherlock/uncommon/small2,count-bytes,0.1.0 (rev 463d00f318),rust/memchrold/memrchr2,2.5.0,,664,1000000,371.63ms,70.00ns,0.00ns,69.00ns,12.00ns,60.00ns,2.28us
memchr/sherlock/uncommon/small3,count-bytes,0.1.0 (rev 463d00f318),rust/memchr/memchr3,2.8.3,,664,1000000,472.72ms,100.00ns,0.00ns,105.00ns,14.00ns,100.00ns,1.88us
memchr/sherlock/uncommon/small3,count-bytes,0.1.0 (rev 463d00f318),rust/memchr/memchr3/fallback,2.8.3,,664,1000000,473.06ms,110.00ns,0.00ns,109.00ns,17.00ns,100.00ns,7.53us
memchr/sherlock/uncommon/small3,count-bytes,0.1.0 (rev 463d00f318),rust/memchr/memchr3/naive,2.8.3,,664,1000000,723.01ms,250.00ns,0.00ns,246.00ns,23.00ns,240.00ns,6.05us
memchr/sherlock/uncommon/small3,count-bytes,0.1.0 (rev 463d00f318),rust/memchr/memchr3/wasm32,2.8.3,,664,1000000,872.38ms,140.00ns,0.00ns,139.00ns,14.00ns,130.00ns,3.24us
memchr/sherlock/uncommon/small3,count-bytes,0.1.0 (rev 463d00f318),rust/memchr/memrchr3,2.8.3,,664,1000000,472.97ms,110.00ns,0.00ns,105.00ns,14.00ns,100.00ns,2.23us
memchr/sherlock/uncommon/small3,count-bytes,0.1.0 (rev 463d00f318),rust/memchrold/memchr3,2.5.0,,664,1000000,472.23ms,110.00ns,0.00ns,108.00ns,33.00ns,100.00ns,24.22us
memchr/sherlock/uncommon/small3,count-bytes,0.1.0 (rev 463d00f318),rust/memchrold/memrchr3,2.5.0,,664,1000000,472.78ms,110.00ns,0.00ns,107.00ns,15.00ns,100.00ns,5.61us
memchr/sherlock/uncommon/tiny1,count-bytes,0.1.0 (rev 463d00f318),libc/memchr/oneshot,unknown,,69,1000000,321.08ms,30.00ns,0.00ns,33.00ns,10.00ns,30.00ns,3.54us
memchr/sherlock/uncommon/tiny1,count-bytes,0.1.0 (rev 463d00f318),rust/bytecount/memchr/oneshot,0.6.4,,69,1000000,270.57ms,20.00ns,0.00ns,18.00ns,7.00ns,10.00ns,2.51us
memchr/sherlock/uncommon/tiny1,count-bytes,0.1.0 (rev 463d00f318),rust/bytecount/memchr/oneshot/wasm32,0.6.4,,69,1000000,720.40ms,70.00ns,0.00ns,66.00ns,11.00ns,60.00ns,2.35us
memchr/sherlock/uncommon/tiny1,count-bytes,0.1.0 (rev 463d00f318),rust/memchr/memchr/onlycount,2.8.3,,69,1000000,269.99ms,20.00ns,0.00ns,20.00ns,6.00ns,10.00ns,2.33us
memchr/sherlock/uncommon/tiny1,count-bytes,0.1.0 (rev 463d00f318),rust/memchr/memchr/onlycount/wasm32,2.8.3,,69,1000000,720.47ms,70.00ns,0.00ns,68.00ns,13.00ns,60.00ns,6.13us
memchr/sherlock/uncommon/tiny1,count-bytes,0.1.0 (rev 463d00f318),rust/memchr/memchr/oneshot,2.8.3,,69,1000000,270.15ms,30.00ns,0.00ns,27.00ns,9.00ns,20.00ns,2.31us
memchr/sherlock/uncommon/tiny1,count-bytes,0.1.0 (rev 463d00f318),rust/memchr/memchr/prebuilt,2.8.3,,69,1000000,270.06ms,30.00ns,0.00ns,28.00ns,17.00ns,20.00ns,14.14us
memchr/sherlock/uncommon/tiny1,count-bytes,0.1.0 (rev 463d00f318),rust/memchr/memchr/fallback,2.8.3,,69,1000000,269.96ms,20.00ns,0.00ns,21.00ns,6.00ns,20.00ns,1.69us
memchr/sherlock/uncommon/tiny1,count-bytes,0.1.0 (rev 463d00f318),rust/memchr/memchr/naive,2.8.3,,69,1000000,320.87ms,30.00ns,0.00ns,25.00ns,13.00ns,20.00ns,8.76us
memchr/sherlock/uncommon/tiny1,count-bytes,0.1.0 (rev 463d00f318),rust/memchr/memchr/wasm32,2.8.3,,69,1000000,770.84ms,70.00ns,0.00ns,68.00ns,13.00ns,60.00ns,4.74us
memchr/sherlock/uncommon/tiny1,count-bytes,0.1.0 (rev 463d00f318),rust/memchr/memrchr,2.8.3,,69,1000000,320.50ms,30.00ns,0.00ns,29.00ns,24.00ns,20.00ns,21.33us
memchr/sherlock/uncommon/tiny1,count-bytes,0.1.0 (rev 463d00f318),rust/memchrold/memchr/oneshot,2.5.0,,69,1000000,270.06ms,30.00ns,0.00ns,26.00ns,17.00ns,20.00ns,14.56us
memchr/sherlock/uncommon/tiny1,count-bytes,0.1.0 (rev 463d00f318),rust/memchrold/memchr/prebuilt,2.5.0,,69,1000000,270.08ms,30.00ns,0.00ns,26.00ns,9.00ns,20.00ns,2.34us
memchr/sherlock/uncommon/tiny1,count-bytes,0.1.0 (rev 463d00f318),rust/memchrold/memchr/naive,2.5.0,,69,1000000,270.14ms,30.00ns,0.00ns,26.00ns,9.00ns,20.00ns,3.83us
memchr/sherlock/uncommon/tiny1,count-bytes,0.1.0 (rev 463d00f318),rust/memchrold/memrchr,2.5.0,,69,1000000,270.32ms,30.00ns,0.00ns,26.00ns,15.00ns,20.00ns,12.56us
memchr/sherlock/uncommon/tiny2,count-bytes,0.1.0 (rev 463d00f318),rust/memchr/memchr2,2.8.3,,69,1000000,321.52ms,40.00ns,0.00ns,41.00ns,9.00ns,30.00ns,2.01us
memchr/sherlock/uncommon/tiny2,count-bytes,0.1.0 (rev 463d00f318),rust/memchr/memchr2/fallback,2.8.3,,69,1000000,271.88ms,30.00ns,0.00ns,26.00ns,8.00ns,20.00ns,1.97us
memchr/sherlock/uncommon/tiny2,count-bytes,0.1.0 (rev 463d00f318),rust/memchr/memchr2/naive,2.8.3,,69,1000000,322.16ms,30.00ns,0.00ns,34.00ns,26.00ns,30.00ns,18.97us
memchr/sherlock/uncommon/tiny2,count-bytes,0.1.0 (rev 463d00f318),rust/memchr/memchr2/wasm32,2.8.3,,69,1000000,771.75ms,80.00ns,0.00ns,83.00ns,12.00ns,80.00ns,3.57us
memchr/sherlock/uncommon/tiny2,count-bytes,0.1.0 (rev 463d00f318),rust/memchr/memrchr2,2.8.3,,69,1000000,321.74ms,40.00ns,0.00ns,41.00ns,9.00ns,30.00ns,2.08us
memchr/sherlock/uncommon/tiny2,count-bytes,0.1.0 (rev 463d00f318),rust/memchrold/memchr2,2.5.0,,69,1000000,322.43ms,40.00ns,0.00ns,40.00ns,8.00ns,30.00ns,2.15us
memchr/sherlock/uncommon/tiny2,count-bytes,0.1.0 (rev 463d00f318),rust/memchrold/memrchr2,2.5.0,,69,1000000,322.30ms,40.00ns,0.00ns,36.00ns,10.00ns,30.00ns,2.03us
memchr/sherlock/uncommon/tiny3,count-bytes,0.1.0 (rev 463d00f318),rust/memchr/memchr3,2.8.3,,69,1000000,371.67ms,60.00ns,0.00ns,63.00ns,11.00ns,60.00ns,1.78us
memchr/sherlock/uncommon/tiny3,count-bytes,0.1.0 (rev 463d00f318),rust/memchr/memchr3/fallback,2.8.3,,69,1000000,322.14ms,40.00ns,0.00ns,35.00ns,9.00ns,30.00ns,2.18us
memchr/sherlock/uncommon/tiny3,count-bytes,0.1.0 (rev 463d00f318),rust/memchr/memchr3/naive,2.8.3,,69,1000000,322.01ms,40.00ns,0.00ns,35.00ns,10.00ns,30.00ns,4.69us
memchr/sherlock/uncommon/tiny3,count-bytes,0.1.0 (rev 463d00f318),rust/memchr/memchr3/wasm32,2.8.3,,69,1000000,822.59ms,100.00ns,0.00ns,101.00ns,15.00ns,90.00ns,5.66us
memchr/sherlock/uncommon/tiny3,count-bytes,0.1.0 (rev 463d00f318),rust/memchr/memrchr3,2.8.3,,69,1000000,374.14ms,60.00ns,0.00ns,62.00ns,12.00ns,60.00ns,3.86us
memchr/sherlock/uncommon/tiny3,count-bytes,0.1.0 (rev 463d00f318),rust/memchrold/memchr3,2.5.0,,69,1000000,372.10ms,50.00ns,0.00ns,54.00ns,10.00ns,50.00ns,2.17us
memchr/sherlock/uncommon/tiny3,count-bytes,0.1.0 (rev 463d00f318),rust/memchrold/memrchr3,2.5.0,,69,1000000,372.07ms,60.00ns,0.00ns,56.00ns,19.00ns,50.00ns,14.58us
memchr/sherlock/verycommon/huge1,count-bytes,0.1.0 (rev 463d00f318),libc/memchr/oneshot,unknown,,594933,7440,4.50s,402.29us,239.00ns,403.23us,1.39us,401.35us,417.76us
memchr/sherlock/verycommon/huge1,count-bytes,0.1.0 (rev 463d00f318),rust/bytecount/memchr/oneshot,0.6.4,,594933,207418,4.56s,14.39us,20.00ns,14.42us,1.86us,14.18us,857.57us
memchr/sherlock/verycommon/huge1,count-bytes,0.1.0 (rev 463d00f318),rust/bytecount/memchr/oneshot/wasm32,0.6.4,,594933,178749,4.61s,16.71us,190.00ns,16.64us,249.00ns,16.35us,46.36us
memchr/sherlock/verycommon/huge1,count-bytes,0.1.0 (rev 463d00f318),rust/memchr/memchr/onlycount,2.8.3,,594933,366777,4.61s,8.12us,10.00ns,8.14us,1.39us,7.99us,848.26us
memchr/sherlock/verycommon/huge1,count-bytes,0.1.0 (rev 463d00f318),rust/memchr/memchr/onlycount/wasm32,2.8.3,,594933,423532,4.71s,6.88us,10.00ns,6.94us,306.00ns,6.73us,22.23us
memchr/sherlock/verycommon/huge1,count-bytes,0.1.0 (rev 463d00f318),rust/memchr/memchr/oneshot,2.8.3,,594933,10651,4.50s,280.52us,310.00ns,281.63us,8.55us,275.91us,1.13ms
memchr/sherlock/verycommon/huge1,count-bytes,0.1.0 (rev 463d00f318),rust/memchr/memchr/prebuilt,2.8.3,,594933,10549,4.50s,283.54us,420.00ns,284.35us,1.91us,281.23us,302.77us
memchr/sherlock/verycommon/huge1,count-bytes,0.1.0 (rev 463d00f318),rust/memchr/memchr/fallback,2.8.3,,594933,4400,4.50s,680.60us,1.61us,681.90us,5.76us,675.92us,731.59us
memchr/sherlock/verycommon/huge1,count-bytes,0.1.0 (rev 463d00f318),rust/memchr/memchr/naive,2.8.3,,594933,4734,4.50s,630.48us,1.70us,633.77us,9.60us,610.88us,673.70us
memchr/sherlock/verycommon/huge1,count-bytes,0.1.0 (rev 463d00f318),rust/memchr/memchr/wasm32,2.8.3,,594933,11319,4.55s,264.55us,400.00ns,264.89us,1.04us,262.12us,279.69us
memchr/sherlock/verycommon/huge1,count-bytes,0.1.0 (rev 463d00f318),rust/memchr/memrchr,2.8.3,,594933,11136,4.50s,269.15us,440.00ns,269.36us,855.00ns,267.51us,284.62us
memchr/sherlock/verycommon/huge1,count-bytes,0.1.0 (rev 463d00f318),rust/memchrold/memchr/oneshot,2.5.0,,594933,10943,4.50s,273.04us,90.00ns,274.11us,2.28us,271.75us,291.65us
memchr/sherlock/verycommon/huge1,count-bytes,0.1.0 (rev 463d00f318),rust/memchrold/memchr/prebuilt,2.5.0,,594933,10948,4.51s,272.66us,80.00ns,274.00us,8.61us,271.26us,1.13ms
memchr/sherlock/verycommon/huge1,count-bytes,0.1.0 (rev 463d00f318),rust/memchrold/memchr/naive,2.5.0,,594933,4900,4.50s,592.93us,3.69us,612.33us,26.37us,586.50us,661.07us
memchr/sherlock/verycommon/huge1,count-bytes,0.1.0 (rev 463d00f318),rust/memchrold/memrchr,2.5.0,,594933,10454,4.51s,286.59us,80.00ns,286.95us,720.00ns,285.89us,302.36us
memchr/sherlock/verycommon/small1,count-bytes,0.1.0 (rev 463d00f318),libc/memchr/oneshot,unknown,,664,1000000,1.17s,450.00ns,0.00ns,452.00ns,29.00ns,440.00ns,15.08us
memchr/sherlock/verycommon/small1,count-bytes,0.1.0 (rev 463d00f318),rust/bytecount/memchr/oneshot,0.6.4,,664,1000000,322.02ms,30.00ns,0.00ns,30.00ns,10.00ns,20.00ns,6.12us
memchr/sherlock/verycommon/small1,count-bytes,0.1.0 (rev 463d00f318),rust/bytecount/memchr/oneshot/wasm32,0.6.4,,664,1000000,771.99ms,80.00ns,0.00ns,78.00ns,19.00ns,70.00ns,13.71us
memchr/sherlock/verycommon/small1,count-bytes,0.1.0 (rev 463d00f318),rust/memchr/memchr/onlycount,2.8.3,,664,1000000,271.46ms,30.00ns,0.00ns,28.00ns,8.00ns,20.00ns,3.21us
memchr/sherlock/verycommon/small1,count-bytes,0.1.0 (rev 463d00f318),rust/memchr/memchr/onlycount/wasm32,2.8.3,,664,1000000,772.08ms,70.00ns,0.00ns,74.00ns,12.00ns,70.00ns,2.94us
memchr/sherlock/verycommon/small1,count-bytes,0.1.0 (rev 463d00f318),rust/memchr/memchr/oneshot,2.8.3,,664,1000000,872.76ms,320.00ns,0.00ns,321.00ns,30.00ns,310.00ns,19.33us
memchr/sherlock/verycommon/small1,count-bytes,0.1.0 (rev 463d00f318),rust/memchr/memchr/prebuilt,2.8.3,,664,1000000,872.52ms,320.00ns,0.00ns,317.00ns,29.00ns,310.00ns,19.51us
memchr/sherlock/verycommon/small1,count-bytes,0.1.0 (rev 463d00f318),rust/memchr/memchr/fallback,2.8.3,,664,1000000,572.39ms,160.00ns,0.00ns,158.00ns,19.00ns,150.00ns,6.15us
memchr/sherlock/verycommon/small1,count-bytes,0.1.0 (rev 463d00f318),rust/memchr/memchr/naive,2.8.3,,664,1000000,522.47ms,150.00ns,0.00ns,148.00ns,21.00ns,140.00ns,5.86us
memchr/sherlock/verycommon/small1,count-bytes,0.1.0 (rev 463d00f318),rust/memchr/memchr/wasm32,2.8.3,,664,1000000,1.32s,340.00ns,0.00ns,342.00ns,33.00ns,330.00ns,26.27us
memchr/sherlock/verycommon/small1,count-bytes,0.1.0 (rev 463d00f318),rust/memchr/memrchr,2.8.3,,664,1000000,873.34ms,300.00ns,0.00ns,304.00ns,26.00ns,290.00ns,9.44us
memchr/sherlock/verycommon/small1,count-bytes,0.1.0 (rev 463d00f318),rust/memchrold/memchr/oneshot,2.5.0,,664,1000000,873.42ms,310.00ns,0.00ns,310.00ns,856.00ns,300.00ns,855.40us
memchr/sherlock/verycommon/small1,count-bytes,0.1.0 (rev 463d00f318),rust/memchrold/memchr/prebuilt,2.5.0,,664,1000000,873.42ms,310.00ns,0.00ns,311.00ns,34.00ns,300.00ns,19.22us
memchr/sherlock/verycommon/small1,count-bytes,0.1.0 (rev 463d00f318),rust/memchrold/memchr/naive,2.5.0,,664,1000000,872.68ms,150.00ns,0.00ns,151.00ns,26.00ns,140.00ns,18.96us
memchr/sherlock/verycommon/small1,count-bytes,0.1.0 (rev 463d00f318),rust/memchrold/memrchr,2.5.0,,664,1000000,872.91ms,320.00ns,0.00ns,325.00ns,23.00ns,320.00ns,8.69us
memmem/byterank/binary,count,0.1.0 (rev 463d00f318),libc/memmem/oneshot,unknown,,33335253,329,4.55s,8.87ms,59.43us,9.14ms,530.53us,8.76ms,10.48ms
memmem/byterank/binary,count,0.1.0 (rev 463d00f318),rust/jetscii/memmem/oneshot,0.5.3,,33335253,491,4.56s,6.11ms,6.28us,6.12ms,9.67us,6.09ms,6.21ms
memmem/byterank/binary,count,0.1.0 (rev 463d00f318),rust/jetscii/memmem/prebuilt,0.5.3,,33335253,491,4.56s,6.11ms,5.07us,6.11ms,7.36us,6.09ms,6.13ms
memmem/byterank/binary,count,0.1.0 (rev 463d00f318),rust/memchr/memmem/oneshot,2.8.3,,33335253,557,4.56s,5.39ms,19.29us,5.39ms,41.43us,5.32ms,5.94ms
memmem/byterank/binary,count,0.1.0 (rev 463d00f318),rust/memchr/memmem/prebuilt,2.8.3,,33335253,554,4.56s,5.42ms,17.40us,5.42ms,26.47us,5.37ms,5.69ms
memmem/byterank/binary,count,0.1.0 (rev 463d00f318),rust/memchr/memmem/binary,2.8.3,,33335253,7247,4.56s,413.55us,1.28us,413.94us,7.18us,408.32us,941.14us
memmem/byterank/binary,count,0.1.0 (rev 463d00f318),rust/memchr/memmem/twoway,2.8.3,,33335253,393,4.55s,7.62ms,16.10us,7.64ms,63.29us,7.55ms,8.36ms
memmem/byterank/binary,count,0.1.0 (rev 463d00f318),rust/memchr/memmem/rabinkarp,2.8.3,,33335253,233,4.56s,12.90ms,34.22us,12.91ms,87.42us,12.75ms,13.76ms
memmem/byterank/binary,count,0.1.0 (rev 463d00f318),rust/memchr/memmem/shiftor,2.8.3,,33335253,251,4.56s,11.98ms,4.62us,11.98ms,12.45us,11.89ms,12.02ms
memmem/byterank/binary,count,0.1.0 (rev 463d00f318),rust/memchr/memmem/wasm32,2.8.3,,33335253,378,4.55s,7.81ms,55.67us,7.95ms,289.97us,7.74ms,9.21ms
memmem/byterank/binary,count,0.1.0 (rev 463d00f318),rust/memchrold/memmem/oneshot,2.5.0,,33335253,565,4.55s,5.31ms,13.74us,5.31ms,25.18us,5.24ms,5.43ms
memmem/byterank/binary,count,0.1.0 (rev 463d00f318),rust/memchrold/memmem/prebuilt,2.5.0,,33335253,564,4.56s,5.33ms,11.09us,5.33ms,24.76us,5.26ms,5.43ms
memmem/byterank/binary,count,0.1.0 (rev 463d00f318),rust/sliceslice/memmem/oneshot,0.4.3,,33335253,688,4.56s,4.35ms,34.85us,4.36ms,54.87us,4.29ms,4.92ms
memmem/byterank/binary,count,0.1.0 (rev 463d00f318),rust/sliceslice/memmem/prebuilt,0.4.3,,33335253,687,4.56s,4.37ms,43.96us,4.37ms,54.11us,4.29ms,4.70ms
memmem/byterank/binary,count,0.1.0 (rev 463d00f318),stringzilla/memmem/oneshot,5.0.5,,33335253,10119,4.56s,295.91us,500.00ns,296.44us,8.47us,293.85us,1.14ms
memmem/code/rust-library-never-fn-strength,count,0.1.0 (rev 463d00f318),libc/memmem/oneshot,unknown,,1648109,37410,4.56s,76.30us,1.72us,80.15us,10.52us,73.71us,114.71us
memmem/code/rust-library-never-fn-strength,count,0.1.0 (rev 463d00f318),rust/jetscii/memmem/oneshot,0.5.3,,1648109,34147,4.56s,87.65us,100.00ns,87.81us,605.00ns,87.09us,103.40us
memmem/code/rust-library-never-fn-strength,count,0.1.0 (rev 463d00f318),rust/jetscii/memmem/prebuilt,0.5.3,,1648109,34092,4.56s,87.80us,110.00ns,87.96us,589.00ns,87.12us,104.22us
memmem/code/rust-library-never-fn-strength,count,0.1.0 (rev 463d00f318),rust/memchr/memmem/oneshot,2.8.3,,1648109,136936,4.56s,21.82us,110.00ns,21.87us,370.00ns,20.71us,41.23us
memmem/code/rust-library-never-fn-strength,count,0.1.0 (rev 463d00f318),rust/memchr/memmem/prebuilt,2.8.3,,1648109,138034,4.56s,21.63us,80.00ns,21.69us,309.00ns,20.88us,37.37us
memmem/code/rust-library-never-fn-strength,count,0.1.0 (rev 463d00f318),rust/memchr/memmem/twoway,2.8.3,,1648109,3703,4.50s,805.44us,2.99us,810.20us,14.55us,795.37us,892.98us
memmem/code/rust-library-never-fn-strength,count,0.1.0 (rev 463d00f318),rust/memchr/memmem/rabinkarp,2.8.3,,1648109,4754,4.50s,630.15us,6.16us,631.13us,12.55us,601.50us,878.95us
memmem/code/rust-library-never-fn-strength,count,0.1.0 (rev 463d00f318),rust/memchr/memmem/shiftor,2.8.3,,1648109,5077,4.50s,591.03us,790.00ns,590.87us,1.13us,585.70us,605.90us
memmem/code/rust-library-never-fn-strength,count,0.1.0 (rev 463d00f318),rust/memchr/memmem/wasm32,2.8.3,,1648109,50911,4.56s,58.53us,80.00ns,58.73us,3.92us,56.86us,906.35us
memmem/code/rust-library-never-fn-strength,count,0.1.0 (rev 463d00f318),rust/memchrold/memmem/oneshot,2.5.0,,1648109,138025,4.56s,21.63us,70.00ns,21.69us,311.00ns,20.78us,38.45us
memmem/code/rust-library-never-fn-strength,count,0.1.0 (rev 463d00f318),rust/memchrold/memmem/prebuilt,2.5.0,,1648109,137007,4.56s,21.79us,60.00ns,21.84us,1.37us,20.98us,516.22us
memmem/code/rust-library-never-fn-strength,count,0.1.0 (rev 463d00f318),rust/sliceslice/memmem/oneshot,0.4.3,,1648109,160188,4.56s,18.49us,60.00ns,18.68us,729.00ns,17.68us,35.16us
memmem/code/rust-library-never-fn-strength,count,0.1.0 (rev 463d00f318),rust/sliceslice/memmem/prebuilt,0.4.3,,1648109,162545,4.56s,18.17us,60.00ns,18.41us,1.53us,17.39us,539.66us
memmem/code/rust-library-never-fn-strength,count,0.1.0 (rev 463d00f318),rust/std/memmem/oneshot,1.99.0-nightly 1a833e165,,1648109,3958,4.50s,757.20us,4.69us,758.04us,6.37us,745.51us,784.53us
memmem/code/rust-library-never-fn-strength,count,0.1.0 (rev 463d00f318),rust/std/memmem/prebuilt,1.99.0-nightly 1a833e165,,1648109,3950,4.50s,758.33us,4.58us,759.45us,6.23us,747.78us,797.48us
memmem/code/rust-library-never-fn-strength,count,0.1.0 (rev 463d00f318),stringzilla/memmem/oneshot,5.0.5,,1648109,168048,4.56s,17.77us,40.00ns,17.80us,270.00ns,17.26us,35.32us
memmem/code/rust-library-never-fn-strength-paren,count,0.1.0 (rev 463d00f318),libc/memmem/oneshot,unknown,,1648109,40079,4.56s,69.41us,500.00ns,74.80us,10.91us,68.29us,105.30us
memmem/code/rust-library-never-fn-strength-paren,count,0.1.0 (rev 463d00f318),rust/jetscii/memmem/oneshot,0.5.3,,1648109,34214,4.56s,87.48us,130.00ns,87.64us,612.00ns,86.92us,104.91us
memmem/code/rust-library-never-fn-strength-paren,count,0.1.0 (rev 463d00f318),rust/jetscii/memmem/prebuilt,0.5.3,,1648109,34177,4.56s,87.58us,130.00ns,87.74us,605.00ns,86.91us,103.40us
memmem/code/rust-library-never-fn-strength-paren,count,0.1.0 (rev 463d00f318),rust/memchr/memmem/oneshot,2.8.3,,1648109,136199,4.56s,21.94us,70.00ns,21.98us,2.84us,20.58us,1.06ms
memmem/code/rust-library-never-fn-strength-paren,count,0.1.0 (rev 463d00f318),rust/memchr/memmem/prebuilt,2.8.3,,1648109,137006,4.56s,21.81us,60.00ns,21.86us,307.00ns,20.80us,37.98us
memmem/code/rust-library-never-fn-strength-paren,count,0.1.0 (rev 463d00f318),rust/memchr/memmem/twoway,2.8.3,,1648109,4042,4.50s,739.06us,1.96us,742.26us,13.03us,730.07us,1.21ms
memmem/code/rust-library-never-fn-strength-paren,count,0.1.0 (rev 463d00f318),rust/memchr/memmem/rabinkarp,2.8.3,,1648109,4752,4.50s,630.00us,5.41us,631.32us,12.23us,608.95us,878.73us
memmem/code/rust-library-never-fn-strength-paren,count,0.1.0 (rev 463d00f318),rust/memchr/memmem/shiftor,2.8.3,,1648109,5080,4.50s,590.58us,870.00ns,590.51us,9.32us,586.18us,1.25ms
memmem/code/rust-library-never-fn-strength-paren,count,0.1.0 (rev 463d00f318),rust/memchr/memmem/wasm32,2.8.3,,1648109,58664,4.56s,48.12us,390.00ns,50.99us,4.76us,47.24us,63.86us
memmem/code/rust-library-never-fn-strength-paren,count,0.1.0 (rev 463d00f318),rust/memchrold/memmem/oneshot,2.5.0,,1648109,137340,4.56s,21.75us,70.00ns,21.80us,317.00ns,20.94us,38.51us
memmem/code/rust-library-never-fn-strength-paren,count,0.1.0 (rev 463d00f318),rust/memchrold/memmem/prebuilt,2.5.0,,1648109,136437,4.56s,21.89us,70.00ns,21.95us,328.00ns,21.06us,39.50us
memmem/code/rust-library-never-fn-strength-paren,count,0.1.0 (rev 463d00f318),rust/sliceslice/memmem/oneshot,0.4.3,,1648109,155491,4.56s,18.89us,100.00ns,19.25us,1.04us,18.06us,35.93us
memmem/code/rust-library-never-fn-strength-paren,count,0.1.0 (rev 463d00f318),rust/sliceslice/memmem/prebuilt,0.4.3,,1648109,152511,4.56s,19.17us,100.00ns,19.63us,1.17us,18.50us,36.49us
memmem/code/rust-library-never-fn-strength-paren,count,0.1.0 (rev 463d00f318),rust/std/memmem/oneshot,1.99.0-nightly 1a833e165,,1648109,4291,4.50s,698.19us,2.73us,699.23us,4.68us,690.09us,731.55us
memmem/code/rust-library-never-fn-strength-paren,count,0.1.0 (rev 463d00f318),rust/std/memmem/prebuilt,1.99.0-nightly 1a833e165,,1648109,4218,4.50s,710.26us,3.61us,711.32us,15.05us,690.78us,1.59ms
memmem/code/rust-library-never-fn-strength-paren,count,0.1.0 (rev 463d00f318),stringzilla/memmem/oneshot,5.0.5,,1648109,171553,4.56s,17.66us,80.00ns,17.44us,555.00ns,16.29us,35.59us
memmem/code/rust-library-never-fn-quux,count,0.1.0 (rev 463d00f318),libc/memmem/oneshot,unknown,,1648109,26043,4.56s,110.06us,620.00ns,115.14us,14.77us,108.51us,0.99ms
memmem/code/rust-library-never-fn-quux,count,0.1.0 (rev 463d00f318),rust/jetscii/memmem/oneshot,0.5.3,,1648109,34275,4.56s,87.32us,100.00ns,87.48us,591.00ns,86.80us,103.28us
memmem/code/rust-library-never-fn-quux,count,0.1.0 (rev 463d00f318),rust/jetscii/memmem/prebuilt,0.5.3,,1648109,34219,4.56s,87.45us,100.00ns,87.63us,4.77us,86.94us,0.96ms
memmem/code/rust-library-never-fn-quux,count,0.1.0 (rev 463d00f318),rust/memchr/memmem/oneshot,2.8.3,,1648109,145190,4.56s,20.58us,80.00ns,20.62us,302.00ns,19.46us,37.74us
memmem/code/rust-library-never-fn-quux,count,0.1.0 (rev 463d00f318),rust/memchr/memmem/prebuilt,2.8.3,,1648109,147337,4.56s,20.27us,100.00ns,20.31us,317.00ns,19.62us,40.51us
memmem/code/rust-library-never-fn-quux,count,0.1.0 (rev 463d00f318),rust/memchr/memmem/twoway,2.8.3,,1648109,4234,4.51s,708.22us,1.50us,708.61us,2.85us,701.95us,737.08us
memmem/code/rust-library-never-fn-quux,count,0.1.0 (rev 463d00f318),rust/memchr/memmem/rabinkarp,2.8.3,,1648109,4717,4.50s,635.26us,5.49us,636.01us,9.27us,612.86us,864.26us
memmem/code/rust-library-never-fn-quux,count,0.1.0 (rev 463d00f318),rust/memchr/memmem/shiftor,2.8.3,,1648109,5073,4.50s,591.44us,900.00ns,591.37us,2.60us,586.29us,737.03us
memmem/code/rust-library-never-fn-quux,count,0.1.0 (rev 463d00f318),rust/memchr/memmem/wasm32,2.8.3,,1648109,56951,4.56s,51.14us,130.00ns,52.53us,2.56us,50.54us,66.75us
memmem/code/rust-library-never-fn-quux,count,0.1.0 (rev 463d00f318),rust/memchrold/memmem/oneshot,2.5.0,,1648109,144718,4.56s,20.62us,60.00ns,20.68us,1.54us,19.56us,594.23us
memmem/code/rust-library-never-fn-quux,count,0.1.0 (rev 463d00f318),rust/memchrold/memmem/prebuilt,2.5.0,,1648109,146556,4.56s,20.36us,70.00ns,20.43us,297.00ns,19.53us,35.81us
memmem/code/rust-library-never-fn-quux,count,0.1.0 (rev 463d00f318),rust/sliceslice/memmem/oneshot,0.4.3,,1648109,152164,4.56s,19.49us,60.00ns,19.67us,735.00ns,18.72us,35.13us
memmem/code/rust-library-never-fn-quux,count,0.1.0 (rev 463d00f318),rust/sliceslice/memmem/prebuilt,0.4.3,,1648109,150109,4.56s,19.80us,60.00ns,19.94us,637.00ns,19.04us,36.19us
memmem/code/rust-library-never-fn-quux,count,0.1.0 (rev 463d00f318),rust/std/memmem/oneshot,1.99.0-nightly 1a833e165,,1648109,4301,4.50s,696.25us,2.48us,697.49us,5.25us,687.67us,735.42us
memmem/code/rust-library-never-fn-quux,count,0.1.0 (rev 463d00f318),rust/std/memmem/prebuilt,1.99.0-nightly 1a833e165,,1648109,4309,4.50s,695.16us,2.45us,696.23us,5.07us,684.50us,730.14us
memmem/code/rust-library-never-fn-quux,count,0.1.0 (rev 463d00f318),stringzilla/memmem/oneshot,5.0.5,,1648109,169175,4.56s,18.18us,150.00ns,17.68us,798.00ns,15.88us,35.14us
memmem/code/rust-library-rare-fn-from-str,count,0.1.0 (rev 463d00f318),libc/memmem/oneshot,unknown,,1648109,60971,4.56s,47.48us,160.00ns,49.16us,4.83us,46.73us,109.00us
memmem/code/rust-library-rare-fn-from-str,count,0.1.0 (rev 463d00f318),rust/jetscii/memmem/oneshot,0.5.3,,1648109,35087,4.56s,85.30us,100.00ns,85.46us,593.00ns,84.68us,102.53us
memmem/code/rust-library-rare-fn-from-str,count,0.1.0 (rev 463d00f318),rust/jetscii/memmem/prebuilt,0.5.3,,1648109,35069,4.56s,85.33us,100.00ns,85.50us,3.01us,84.83us,638.01us
memmem/code/rust-library-rare-fn-from-str,count,0.1.0 (rev 463d00f318),rust/memchr/memmem/oneshot,2.8.3,,1648109,135875,4.56s,21.98us,80.00ns,22.04us,330.00ns,20.93us,40.76us
memmem/code/rust-library-rare-fn-from-str,count,0.1.0 (rev 463d00f318),rust/memchr/memmem/prebuilt,2.8.3,,1648109,136063,4.56s,21.94us,100.00ns,22.00us,1.67us,21.21us,625.61us
memmem/code/rust-library-rare-fn-from-str,count,0.1.0 (rev 463d00f318),rust/memchr/memmem/twoway,2.8.3,,1648109,4107,4.50s,730.49us,2.97us,730.59us,4.64us,719.95us,813.79us
memmem/code/rust-library-rare-fn-from-str,count,0.1.0 (rev 463d00f318),rust/memchr/memmem/rabinkarp,2.8.3,,1648109,4969,4.50s,598.72us,8.15us,603.75us,18.71us,583.90us,1.26ms
memmem/code/rust-library-rare-fn-from-str,count,0.1.0 (rev 463d00f318),rust/memchr/memmem/wasm32,2.8.3,,1648109,50655,4.56s,58.87us,100.00ns,59.08us,1.34us,58.18us,79.85us
memmem/code/rust-library-rare-fn-from-str,count,0.1.0 (rev 463d00f318),rust/memchrold/memmem/oneshot,2.5.0,,1648109,135633,4.56s,22.02us,60.00ns,22.08us,1.81us,21.10us,677.20us
memmem/code/rust-library-rare-fn-from-str,count,0.1.0 (rev 463d00f318),rust/memchrold/memmem/prebuilt,2.5.0,,1648109,136488,4.56s,21.86us,100.00ns,21.93us,2.12us,21.05us,793.99us
memmem/code/rust-library-rare-fn-from-str,count,0.1.0 (rev 463d00f318),rust/sliceslice/memmem/oneshot,0.4.3,,1648109,595048,4.62s,4.75us,10.00ns,5.00us,493.00ns,4.66us,22.02us
memmem/code/rust-library-rare-fn-from-str,count,0.1.0 (rev 463d00f318),rust/sliceslice/memmem/prebuilt,0.4.3,,1648109,602988,4.62s,4.73us,10.00ns,4.94us,453.00ns,4.67us,21.75us
memmem/code/rust-library-rare-fn-from-str,count,0.1.0 (rev 463d00f318),rust/std/memmem/oneshot,1.99.0-nightly 1a833e165,,1648109,4363,4.50s,686.11us,1.77us,687.61us,5.00us,678.79us,719.15us
memmem/code/rust-library-rare-fn-from-str,count,0.1.0 (rev 463d00f318),rust/std/memmem/prebuilt,1.99.0-nightly 1a833e165,,1648109,4354,4.50s,687.52us,2.31us,689.00us,9.22us,679.72us,1.21ms
memmem/code/rust-library-rare-fn-from-str,count,0.1.0 (rev 463d00f318),stringzilla/memmem/oneshot,5.0.5,,1648109,184091,4.56s,16.22us,60.00ns,16.25us,267.00ns,15.55us,32.38us
memmem/code/rust-library-common-fn-is-empty,count,0.1.0 (rev 463d00f318),libc/memmem/oneshot,unknown,,1648109,39956,4.56s,71.63us,280.00ns,75.04us,9.70us,70.83us,575.41us
memmem/code/rust-library-common-fn-is-empty,count,0.1.0 (rev 463d00f318),rust/jetscii/memmem/oneshot,0.5.3,,1648109,34160,4.56s,87.62us,110.00ns,87.78us,615.00ns,86.98us,104.58us
memmem/code/rust-library-common-fn-is-empty,count,0.1.0 (rev 463d00f318),rust/jetscii/memmem/prebuilt,0.5.3,,1648109,34222,4.56s,87.46us,110.00ns,87.62us,617.00ns,86.89us,105.13us
memmem/code/rust-library-common-fn-is-empty,count,0.1.0 (rev 463d00f318),rust/memchr/memmem/oneshot,2.8.3,,1648109,131976,4.56s,22.63us,80.00ns,22.69us,326.00ns,21.69us,38.56us
memmem/code/rust-library-common-fn-is-empty,count,0.1.0 (rev 463d00f318),rust/memchr/memmem/prebuilt,2.8.3,,1648109,136367,4.56s,21.90us,70.00ns,21.96us,1.59us,21.14us,597.34us
memmem/code/rust-library-common-fn-is-empty,count,0.1.0 (rev 463d00f318),rust/memchr/memmem/twoway,2.8.3,,1648109,3726,4.50s,804.87us,1.37us,805.21us,2.41us,797.34us,820.48us
memmem/code/rust-library-common-fn-is-empty,count,0.1.0 (rev 463d00f318),rust/memchr/memmem/rabinkarp,2.8.3,,1648109,5047,4.50s,593.34us,3.25us,594.42us,5.49us,584.32us,630.91us
memmem/code/rust-library-common-fn-is-empty,count,0.1.0 (rev 463d00f318),rust/memchr/memmem/shiftor,2.8.3,,1648109,5065,4.50s,592.23us,1.02us,592.27us,1.31us,585.68us,607.35us
memmem/code/rust-library-common-fn-is-empty,count,0.1.0 (rev 463d00f318),rust/memchr/memmem/wasm32,2.8.3,,1648109,54367,4.56s,53.54us,160.00ns,54.99us,2.71us,53.02us,75.69us
memmem/code/rust-library-common-fn-is-empty,count,0.1.0 (rev 463d00f318),rust/memchrold/memmem/oneshot,2.5.0,,1648109,132951,4.56s,22.47us,70.00ns,22.52us,850.00ns,21.41us,305.13us
memmem/code/rust-library-common-fn-is-empty,count,0.1.0 (rev 463d00f318),rust/memchrold/memmem/prebuilt,2.5.0,,1648109,135524,4.56s,22.04us,90.00ns,22.10us,319.00ns,21.24us,37.80us
memmem/code/rust-library-common-fn-is-empty,count,0.1.0 (rev 463d00f318),rust/std/memmem/oneshot,1.99.0-nightly 1a833e165,,1648109,3942,4.50s,758.96us,3.83us,761.14us,11.35us,748.03us,1.30ms
memmem/code/rust-library-common-fn-is-empty,count,0.1.0 (rev 463d00f318),rust/std/memmem/prebuilt,1.99.0-nightly 1a833e165,,1648109,3970,4.50s,753.79us,2.35us,755.66us,5.94us,746.35us,786.71us
memmem/code/rust-library-common-fn-is-empty,count,0.1.0 (rev 463d00f318),stringzilla/memmem/oneshot,5.0.5,,1648109,171276,4.56s,17.67us,81.00ns,17.47us,550.00ns,16.32us,33.52us
memmem/code/rust-library-common-fn,count,0.1.0 (rev 463d00f318),libc/memmem/oneshot,unknown,,1648109,4938,4.50s,608.00us,521.00ns,607.60us,1.00us,605.63us,623.67us
memmem/code/rust-library-common-fn,count,0.1.0 (rev 463d00f318),rust/jetscii/memmem/oneshot,0.5.3,,1648109,27481,4.56s,108.76us,280.00ns,109.13us,946.00ns,107.97us,144.37us
memmem/code/rust-library-common-fn,count,0.1.0 (rev 463d00f318),rust/jetscii/memmem/prebuilt,0.5.3,,1648109,30773,4.56s,97.10us,400.00ns,97.44us,1.07us,96.03us,138.01us
memmem/code/rust-library-common-fn,count,0.1.0 (rev 463d00f318),rust/memchr/memmem/oneshot,2.8.3,,1648109,43815,4.56s,68.29us,160.00ns,68.43us,589.00ns,67.56us,83.94us
memmem/code/rust-library-common-fn,count,0.1.0 (rev 463d00f318),rust/memchr/memmem/prebuilt,2.8.3,,1648109,90644,4.56s,32.91us,160.00ns,33.05us,524.00ns,31.95us,70.76us
memmem/code/rust-library-common-fn,count,0.1.0 (rev 463d00f318),rust/memchr/memmem/twoway,2.8.3,,1648109,4769,4.50s,628.73us,1.65us,629.03us,5.33us,623.17us,816.11us
memmem/code/rust-library-common-fn,count,0.1.0 (rev 463d00f318),rust/memchr/memmem/rabinkarp,2.8.3,,1648109,4329,4.50s,690.47us,1.73us,693.05us,23.32us,684.44us,1.54ms
memmem/code/rust-library-common-fn,count,0.1.0 (rev 463d00f318),rust/memchr/memmem/shiftor,2.8.3,,1648109,4845,4.50s,619.27us,770.00ns,619.28us,1.76us,605.74us,642.04us
memmem/code/rust-library-common-fn,count,0.1.0 (rev 463d00f318),rust/memchr/memmem/wasm32,2.8.3,,1648109,41585,4.56s,71.70us,220.00ns,71.99us,2.91us,70.72us,611.07us
memmem/code/rust-library-common-fn,count,0.1.0 (rev 463d00f318),rust/memchrold/memmem/oneshot,2.5.0,,1648109,59780,4.56s,50.00us,340.00ns,50.14us,692.00ns,49.01us,67.48us
memmem/code/rust-library-common-fn,count,0.1.0 (rev 463d00f318),rust/memchrold/memmem/prebuilt,2.5.0,,1648109,89454,4.56s,33.40us,160.00ns,33.49us,1.91us,32.48us,583.90us
memmem/code/rust-library-common-fn,count,0.1.0 (rev 463d00f318),rust/std/memmem/oneshot,1.99.0-nightly 1a833e165,,1648109,4698,4.50s,634.15us,1.54us,638.56us,19.61us,627.01us,766.52us
memmem/code/rust-library-common-fn,count,0.1.0 (rev 463d00f318),rust/std/memmem/prebuilt,1.99.0-nightly 1a833e165,,1648109,4864,4.50s,612.79us,1.58us,616.76us,19.20us,606.39us,743.94us
memmem/code/rust-library-common-fn,count,0.1.0 (rev 463d00f318),stringzilla/memmem/oneshot,5.0.5,,1648109,97469,4.56s,30.67us,80.00ns,30.74us,384.00ns,29.87us,52.56us
memmem/code/rust-library-common-paren,count,0.1.0 (rev 463d00f318),libc/memmem/oneshot,unknown,,1648109,20469,4.56s,145.83us,580.00ns,146.53us,2.29us,144.35us,224.56us
memmem/code/rust-library-common-paren,count,0.1.0 (rev 463d00f318),rust/jetscii/memmem/oneshot,0.5.3,,1648109,5719,4.51s,524.57us,1.05us,524.60us,1.53us,520.89us,548.68us
memmem/code/rust-library-common-paren,count,0.1.0 (rev 463d00f318),rust/jetscii/memmem/prebuilt,0.5.3,,1648109,7359,4.51s,407.36us,1.45us,407.65us,2.40us,400.89us,445.24us
memmem/code/rust-library-common-paren,count,0.1.0 (rev 463d00f318),rust/memchr/memmem/oneshot,2.8.3,,1648109,8055,4.50s,372.58us,1.30us,372.40us,2.24us,364.71us,388.73us
memmem/code/rust-library-common-paren,count,0.1.0 (rev 463d00f318),rust/memchr/memmem/prebuilt,2.8.3,,1648109,11681,4.50s,255.66us,2.09us,256.80us,4.57us,250.91us,332.09us
memmem/code/rust-library-common-paren,count,0.1.0 (rev 463d00f318),rust/memchr/memmem/twoway,2.8.3,,1648109,3261,4.50s,919.39us,1.53us,919.99us,14.85us,910.95us,1.76ms
memmem/code/rust-library-common-paren,count,0.1.0 (rev 463d00f318),rust/memchr/memmem/rabinkarp,2.8.3,,1648109,3766,4.50s,793.94us,1.73us,796.61us,19.57us,786.53us,1.04ms
memmem/code/rust-library-common-paren,count,0.1.0 (rev 463d00f318),rust/memchr/memmem/shiftor,2.8.3,,1648109,3864,4.50s,776.32us,860.00ns,776.48us,11.10us,766.73us,1.46ms
memmem/code/rust-library-common-paren,count,0.1.0 (rev 463d00f318),rust/memchr/memmem/wasm32,2.8.3,,1648109,8339,4.55s,359.05us,1.54us,359.64us,3.18us,354.73us,410.93us
memmem/code/rust-library-common-paren,count,0.1.0 (rev 463d00f318),rust/memchrold/memmem/oneshot,2.5.0,,1648109,8786,4.50s,341.04us,931.00ns,341.44us,1.83us,337.43us,355.40us
memmem/code/rust-library-common-paren,count,0.1.0 (rev 463d00f318),rust/memchrold/memmem/prebuilt,2.5.0,,1648109,15219,4.50s,196.77us,791.00ns,197.08us,1.58us,194.23us,213.85us
memmem/code/rust-library-common-paren,count,0.1.0 (rev 463d00f318),rust/std/memmem/oneshot,1.99.0-nightly 1a833e165,,1648109,2706,4.50s,1.11ms,1.22us,1.11ms,2.04us,1.10ms,1.13ms
memmem/code/rust-library-common-paren,count,0.1.0 (rev 463d00f318),rust/std/memmem/prebuilt,1.99.0-nightly 1a833e165,,1648109,3120,4.50s,0.96ms,740.00ns,0.96ms,1.45us,0.96ms,0.99ms
memmem/code/rust-library-common-paren,count,0.1.0 (rev 463d00f318),stringzilla/memmem/oneshot,5.0.5,,1648109,21232,4.56s,140.82us,799.00ns,141.25us,1.62us,139.12us,200.63us
memmem/code/rust-library-common-let,count,0.1.0 (rev 463d00f318),libc/memmem/oneshot,unknown,,1648109,8126,4.50s,349.42us,1.44us,369.15us,38.59us,344.74us,900.37us
memmem/code/rust-library-common-let,count,0.1.0 (rev 463d00f318),rust/jetscii/memmem/oneshot,0.5.3,,1648109,21655,4.56s,136.63us,1.42us,138.50us,4.62us,134.18us,202.61us
memmem/code/rust-library-common-let,count,0.1.0 (rev 463d00f318),rust/jetscii/memmem/prebuilt,0.5.3,,1648109,25656,4.56s,114.84us,2.23us,116.89us,7.29us,111.35us,849.67us
memmem/code/rust-library-common-let,count,0.1.0 (rev 463d00f318),rust/memchr/memmem/oneshot,2.8.3,,1648109,26615,4.56s,112.71us,370.00ns,112.68us,1.00us,107.35us,128.34us
memmem/code/rust-library-common-let,count,0.1.0 (rev 463d00f318),rust/memchr/memmem/prebuilt,2.8.3,,1648109,83186,4.56s,35.87us,130.00ns,36.02us,3.02us,34.84us,889.60us
memmem/code/rust-library-common-let,count,0.1.0 (rev 463d00f318),rust/memchr/memmem/twoway,2.8.3,,1648109,3617,4.50s,828.48us,2.64us,829.47us,4.58us,818.92us,855.24us
memmem/code/rust-library-common-let,count,0.1.0 (rev 463d00f318),rust/memchr/memmem/rabinkarp,2.8.3,,1648109,4246,4.50s,709.91us,1.49us,706.59us,8.93us,686.77us,780.01us
memmem/code/rust-library-common-let,count,0.1.0 (rev 463d00f318),rust/memchr/memmem/shiftor,2.8.3,,1648109,4699,4.50s,638.57us,801.00ns,638.49us,1.31us,616.92us,653.77us
memmem/code/rust-library-common-let,count,0.1.0 (rev 463d00f318),rust/memchr/memmem/wasm32,2.8.3,,1648109,32308,4.56s,92.31us,370.00ns,92.70us,1.46us,90.99us,120.82us
memmem/code/rust-library-common-let,count,0.1.0 (rev 463d00f318),rust/memchrold/memmem/oneshot,2.5.0,,1648109,40146,4.56s,74.53us,410.00ns,74.69us,827.00ns,73.23us,111.13us
memmem/code/rust-library-common-let,count,0.1.0 (rev 463d00f318),rust/memchrold/memmem/prebuilt,2.5.0,,1648109,78123,4.56s,38.36us,380.00ns,38.35us,681.00ns,36.81us,51.99us
memmem/code/rust-library-common-let,count,0.1.0 (rev 463d00f318),rust/std/memmem/oneshot,1.99.0-nightly 1a833e165,,1648109,3412,4.50s,877.53us,1.80us,879.36us,6.43us,868.49us,912.61us
memmem/code/rust-library-common-let,count,0.1.0 (rev 463d00f318),rust/std/memmem/prebuilt,1.99.0-nightly 1a833e165,,1648109,3771,4.50s,793.58us,1.81us,795.71us,9.77us,786.21us,872.69us
memmem/code/rust-library-common-let,count,0.1.0 (rev 463d00f318),stringzilla/memmem/oneshot,5.0.5,,1648109,75834,4.56s,39.43us,90.00ns,39.52us,483.00ns,38.57us,74.70us
memmem/pathological/md5-huge-no-hash,count,0.1.0 (rev 463d00f318),libc/memmem/oneshot,unknown,,151305,1000000,4.58s,2.82us,10.00ns,2.82us,70.00ns,2.78us,18.25us
memmem/pathological/md5-huge-no-hash,count,0.1.0 (rev 463d00f318),rust/jetscii/memmem/oneshot,0.5.3,,151305,382835,4.61s,7.79us,10.00ns,7.80us,118.00ns,7.73us,23.62us
memmem/pathological/md5-huge-no-hash,count,0.1.0 (rev 463d00f318),rust/jetscii/memmem/prebuilt,0.5.3,,151305,382702,4.61s,7.79us,10.00ns,7.80us,116.00ns,7.73us,22.52us
memmem/pathological/md5-huge-no-hash,count,0.1.0 (rev 463d00f318),rust/memchr/memmem/oneshot,2.8.3,,151305,1000000,3.68s,1.90us,0.00ns,1.90us,59.00ns,1.88us,18.23us
memmem/pathological/md5-huge-no-hash,count,0.1.0 (rev 463d00f318),rust/memchr/memmem/prebuilt,2.8.3,,151305,1000000,3.47s,1.72us,10.00ns,1.75us,86.00ns,1.69us,16.76us
memmem/pathological/md5-huge-no-hash,count,0.1.0 (rev 463d00f318),rust/memchr/memmem/twoway,2.8.3,,151305,498008,4.62s,5.97us,10.00ns,5.99us,1.15us,5.82us,809.60us
memmem/pathological/md5-huge-no-hash,count,0.1.0 (rev 463d00f318),rust/memchr/memmem/rabinkarp,2.8.3,,151305,53474,4.56s,56.77us,30.00ns,56.06us,1.48us,53.45us,108.24us
memmem/pathological/md5-huge-no-hash,count,0.1.0 (rev 463d00f318),rust/memchr/memmem/wasm32,2.8.3,,151305,422970,4.71s,6.81us,50.00ns,6.95us,299.00ns,6.66us,21.88us
memmem/pathological/md5-huge-no-hash,count,0.1.0 (rev 463d00f318),rust/memchrold/memmem/oneshot,2.5.0,,151305,1000000,3.53s,1.73us,10.00ns,1.77us,91.00ns,1.71us,16.87us
memmem/pathological/md5-huge-no-hash,count,0.1.0 (rev 463d00f318),rust/memchrold/memmem/prebuilt,2.5.0,,151305,1000000,3.63s,1.86us,0.00ns,1.87us,59.00ns,1.84us,16.75us
memmem/pathological/md5-huge-no-hash,count,0.1.0 (rev 463d00f318),rust/sliceslice/memmem/oneshot,0.4.3,,151305,1000000,4.48s,2.72us,10.00ns,2.73us,74.00ns,2.69us,18.12us
memmem/pathological/md5-huge-no-hash,count,0.1.0 (rev 463d00f318),rust/sliceslice/memmem/prebuilt,0.4.3,,151305,1000000,4.58s,2.84us,10.00ns,2.85us,79.00ns,2.80us,18.33us
memmem/pathological/md5-huge-no-hash,count,0.1.0 (rev 463d00f318),rust/std/memmem/oneshot,1.99.0-nightly 1a833e165,,151305,539796,4.62s,5.51us,10.00ns,5.52us,115.00ns,5.44us,21.72us
memmem/pathological/md5-huge-no-hash,count,0.1.0 (rev 463d00f318),rust/std/memmem/prebuilt,1.99.0-nightly 1a833e165,,151305,537890,4.62s,5.52us,10.00ns,5.54us,110.00ns,5.45us,21.91us
memmem/pathological/md5-huge-no-hash,count,0.1.0 (rev 463d00f318),stringzilla/memmem/oneshot,5.0.5,,151305,1000000,3.32s,1.57us,0.00ns,1.58us,53.00ns,1.55us,17.27us
memmem/pathological/md5-huge-last-hash,count,0.1.0 (rev 463d00f318),libc/memmem/oneshot,unknown,,151305,935403,4.67s,3.17us,10.00ns,3.17us,76.00ns,3.13us,19.35us
memmem/pathological/md5-huge-last-hash,count,0.1.0 (rev 463d00f318),rust/jetscii/memmem/oneshot,0.5.3,,151305,381673,4.61s,7.81us,10.00ns,7.82us,115.00ns,7.75us,24.08us
memmem/pathological/md5-huge-last-hash,count,0.1.0 (rev 463d00f318),rust/jetscii/memmem/prebuilt,0.5.3,,151305,381773,4.61s,7.81us,10.00ns,7.82us,116.00ns,7.76us,22.70us
memmem/pathological/md5-huge-last-hash,count,0.1.0 (rev 463d00f318),rust/memchr/memmem/oneshot,2.8.3,,151305,1000000,3.52s,1.76us,10.00ns,1.79us,88.00ns,1.73us,24.01us
memmem/pathological/md5-huge-last-hash,count,0.1.0 (rev 463d00f318),rust/memchr/memmem/prebuilt,2.8.3,,151305,1000000,3.52s,1.73us,20.00ns,1.78us,93.00ns,1.69us,16.63us
memmem/pathological/md5-huge-last-hash,count,0.1.0 (rev 463d00f318),rust/memchr/memmem/twoway,2.8.3,,151305,655020,4.62s,4.53us,10.00ns,4.54us,772.00ns,4.46us,623.49us
memmem/pathological/md5-huge-last-hash,count,0.1.0 (rev 463d00f318),rust/memchr/memmem/rabinkarp,2.8.3,,151305,53434,4.56s,56.79us,20.00ns,56.10us,1.18us,53.44us,71.46us
memmem/pathological/md5-huge-last-hash,count,0.1.0 (rev 463d00f318),rust/memchr/memmem/wasm32,2.8.3,,151305,386633,4.71s,7.55us,40.00ns,7.62us,193.00ns,7.43us,23.02us
memmem/pathological/md5-huge-last-hash,count,0.1.0 (rev 463d00f318),rust/memchrold/memmem/oneshot,2.5.0,,151305,1000000,3.52s,1.74us,0.00ns,1.77us,84.00ns,1.72us,16.58us
memmem/pathological/md5-huge-last-hash,count,0.1.0 (rev 463d00f318),rust/memchrold/memmem/prebuilt,2.5.0,,151305,1000000,3.58s,1.79us,10.00ns,1.81us,70.00ns,1.76us,18.25us
memmem/pathological/md5-huge-last-hash,count,0.1.0 (rev 463d00f318),rust/sliceslice/memmem/oneshot,0.4.3,,151305,1000000,4.48s,2.75us,10.00ns,2.75us,623.00ns,2.66us,619.55us
memmem/pathological/md5-huge-last-hash,count,0.1.0 (rev 463d00f318),rust/sliceslice/memmem/prebuilt,0.4.3,,151305,1000000,4.43s,2.69us,10.00ns,2.70us,70.00ns,2.66us,17.89us
memmem/pathological/md5-huge-last-hash,count,0.1.0 (rev 463d00f318),rust/std/memmem/oneshot,1.99.0-nightly 1a833e165,,151305,690347,4.67s,4.27us,20.00ns,4.31us,887.00ns,4.15us,729.56us
memmem/pathological/md5-huge-last-hash,count,0.1.0 (rev 463d00f318),rust/std/memmem/prebuilt,1.99.0-nightly 1a833e165,,151305,698732,4.67s,4.23us,20.00ns,4.26us,109.00ns,4.17us,18.95us
memmem/pathological/md5-huge-last-hash,count,0.1.0 (rev 463d00f318),stringzilla/memmem/oneshot,5.0.5,,151305,1000000,3.47s,1.72us,0.00ns,1.73us,57.00ns,1.70us,16.92us
memmem/pathological/rare-repeated-huge-tricky,count,0.1.0 (rev 463d00f318),libc/memmem/oneshot,unknown,,500100,146692,4.56s,19.97us,20.00ns,20.41us,2.01us,19.63us,36.18us
memmem/pathological/rare-repeated-huge-tricky,count,0.1.0 (rev 463d00f318),rust/jetscii/memmem/oneshot,0.5.3,,500100,134332,4.56s,22.27us,10.00ns,22.29us,230.00ns,22.12us,46.60us
memmem/pathological/rare-repeated-huge-tricky,count,0.1.0 (rev 463d00f318),rust/jetscii/memmem/prebuilt,0.5.3,,500100,134352,4.56s,22.26us,20.00ns,22.29us,2.58us,22.12us,0.96ms
memmem/pathological/rare-repeated-huge-tricky,count,0.1.0 (rev 463d00f318),rust/memchr/memmem/oneshot,2.8.3,,500100,655574,4.62s,4.29us,10.00ns,4.54us,531.00ns,4.25us,19.43us
memmem/pathological/rare-repeated-huge-tricky,count,0.1.0 (rev 463d00f318),rust/memchr/memmem/prebuilt,2.8.3,,500100,644657,4.62s,4.29us,10.00ns,4.61us,1.24us,4.25us,883.63us
memmem/pathological/rare-repeated-huge-tricky,count,0.1.0 (rev 463d00f318),rust/memchr/memmem/twoway,2.8.3,,500100,19054,4.50s,155.98us,150.00ns,157.40us,3.53us,140.80us,182.21us
memmem/pathological/rare-repeated-huge-tricky,count,0.1.0 (rev 463d00f318),rust/memchr/memmem/rabinkarp,2.8.3,,500100,16805,4.50s,177.97us,280.00ns,178.48us,4.50us,176.97us,653.96us
memmem/pathological/rare-repeated-huge-tricky,count,0.1.0 (rev 463d00f318),rust/memchr/memmem/shiftor,2.8.3,,500100,16790,4.51s,178.53us,250.00ns,178.64us,611.00ns,177.34us,192.88us
memmem/pathological/rare-repeated-huge-tricky,count,0.1.0 (rev 463d00f318),rust/memchr/memmem/wasm32,2.8.3,,500100,171694,4.61s,17.28us,10.00ns,17.33us,431.00ns,17.13us,32.04us
memmem/pathological/rare-repeated-huge-tricky,count,0.1.0 (rev 463d00f318),rust/memchrold/memmem/oneshot,2.5.0,,500100,669541,4.67s,4.30us,0.00ns,4.44us,418.00ns,4.27us,19.90us
memmem/pathological/rare-repeated-huge-tricky,count,0.1.0 (rev 463d00f318),rust/memchrold/memmem/prebuilt,2.5.0,,500100,658353,4.67s,4.29us,10.00ns,4.52us,512.00ns,4.25us,19.80us
memmem/pathological/rare-repeated-huge-tricky,count,0.1.0 (rev 463d00f318),rust/sliceslice/memmem/oneshot,0.4.3,,500100,683523,4.67s,4.34us,0.00ns,4.35us,119.00ns,4.31us,20.52us
memmem/pathological/rare-repeated-huge-tricky,count,0.1.0 (rev 463d00f318),rust/sliceslice/memmem/prebuilt,0.4.3,,500100,684594,4.67s,4.33us,0.00ns,4.34us,118.00ns,4.30us,22.77us
memmem/pathological/rare-repeated-huge-tricky,count,0.1.0 (rev 463d00f318),rust/std/memmem/oneshot,1.99.0-nightly 1a833e165,,500100,21205,4.56s,139.13us,490.00ns,141.44us,8.65us,135.89us,1.01ms
memmem/pathological/rare-repeated-huge-tricky,count,0.1.0 (rev 463d00f318),rust/std/memmem/prebuilt,1.99.0-nightly 1a833e165,,500100,21249,4.56s,138.97us,290.00ns,141.14us,9.48us,134.31us,217.74us
memmem/pathological/rare-repeated-huge-tricky,count,0.1.0 (rev 463d00f318),stringzilla/memmem/oneshot,5.0.5,,500100,618798,4.67s,4.79us,0.00ns,4.80us,1.09us,4.71us,855.81us
memmem/pathological/rare-repeated-huge-match,count,0.1.0 (rev 463d00f318),libc/memmem/oneshot,unknown,,500100,9318,4.50s,309.66us,770.00ns,321.94us,47.98us,297.66us,643.42us
memmem/pathological/rare-repeated-huge-match,count,0.1.0 (rev 463d00f318),rust/jetscii/memmem/oneshot,0.5.3,,500100,5552,4.50s,537.67us,2.56us,540.32us,9.95us,533.72us,1.15ms
memmem/pathological/rare-repeated-huge-match,count,0.1.0 (rev 463d00f318),rust/jetscii/memmem/prebuilt,0.5.3,,500100,13437,4.50s,222.92us,130.00ns,223.22us,750.00ns,221.30us,239.76us
memmem/pathological/rare-repeated-huge-match,count,0.1.0 (rev 463d00f318),rust/memchr/memmem/oneshot,2.8.3,,500100,3106,4.50s,0.96ms,2.20us,0.97ms,3.62us,0.96ms,0.98ms
memmem/pathological/rare-repeated-huge-match,count,0.1.0 (rev 463d00f318),rust/memchr/memmem/prebuilt,2.8.3,,500100,13849,4.50s,217.49us,1.54us,216.59us,3.23us,208.96us,232.09us
memmem/pathological/rare-repeated-huge-match,count,0.1.0 (rev 463d00f318),rust/memchr/memmem/twoway,2.8.3,,500100,22062,4.56s,134.99us,180.00ns,135.94us,2.68us,134.31us,154.46us
memmem/pathological/rare-repeated-huge-match,count,0.1.0 (rev 463d00f318),rust/memchr/memmem/rabinkarp,2.8.3,,500100,21248,4.56s,139.46us,2.02us,141.14us,3.60us,136.56us,173.49us
memmem/pathological/rare-repeated-huge-match,count,0.1.0 (rev 463d00f318),rust/memchr/memmem/shiftor,2.8.3,,500100,16026,4.51s,186.90us,180.00ns,187.16us,610.00ns,186.01us,202.92us
memmem/pathological/rare-repeated-huge-match,count,0.1.0 (rev 463d00f318),rust/memchr/memmem/wasm32,2.8.3,,500100,9038,4.55s,330.80us,1.10us,331.81us,9.34us,323.92us,1.20ms
memmem/pathological/rare-repeated-huge-match,count,0.1.0 (rev 463d00f318),rust/memchrold/memmem/oneshot,2.5.0,,500100,6350,4.50s,467.71us,5.88us,472.41us,12.22us,452.68us,515.15us
memmem/pathological/rare-repeated-huge-match,count,0.1.0 (rev 463d00f318),rust/memchrold/memmem/prebuilt,2.5.0,,500100,16416,4.51s,181.25us,270.00ns,182.70us,7.62us,175.72us,1.04ms
memmem/pathological/rare-repeated-huge-match,count,0.1.0 (rev 463d00f318),rust/std/memmem/oneshot,1.99.0-nightly 1a833e165,,500100,3591,4.50s,830.52us,3.28us,835.52us,11.00us,814.37us,881.54us
memmem/pathological/rare-repeated-huge-match,count,0.1.0 (rev 463d00f318),rust/std/memmem/prebuilt,1.99.0-nightly 1a833e165,,500100,16532,4.50s,181.07us,590.00ns,181.43us,4.29us,176.19us,692.42us
memmem/pathological/rare-repeated-huge-match,count,0.1.0 (rev 463d00f318),stringzilla/memmem/oneshot,5.0.5,,500100,10291,4.50s,291.84us,4.00us,291.50us,5.01us,284.32us,318.11us
memmem/pathological/rare-repeated-small-tricky,count,0.1.0 (rev 463d00f318),libc/memmem/oneshot,unknown,,1001,1000000,370.63ms,70.00ns,0.00ns,66.00ns,12.00ns,50.00ns,3.90us
memmem/pathological/rare-repeated-small-tricky,count,0.1.0 (rev 463d00f318),rust/jetscii/memmem/oneshot,0.5.3,,1001,1000000,370.22ms,70.00ns,0.00ns,72.00ns,12.00ns,70.00ns,2.10us
memmem/pathological/rare-repeated-small-tricky,count,0.1.0 (rev 463d00f318),rust/jetscii/memmem/prebuilt,0.5.3,,1001,1000000,370.13ms,70.00ns,0.00ns,66.00ns,12.00ns,60.00ns,2.51us
memmem/pathological/rare-repeated-small-tricky,count,0.1.0 (rev 463d00f318),rust/memchr/memmem/oneshot,2.8.3,,1001,1000000,320.85ms,40.00ns,0.00ns,40.00ns,9.00ns,30.00ns,2.01us
memmem/pathological/rare-repeated-small-tricky,count,0.1.0 (rev 463d00f318),rust/memchr/memmem/prebuilt,2.8.3,,1001,1000000,270.76ms,30.00ns,0.00ns,25.00ns,8.00ns,20.00ns,1.80us
memmem/pathological/rare-repeated-small-tricky,count,0.1.0 (rev 463d00f318),rust/memchr/memmem/twoway,2.8.3,,1001,1000000,922.03ms,330.00ns,0.00ns,329.00ns,25.00ns,310.00ns,8.47us
memmem/pathological/rare-repeated-small-tricky,count,0.1.0 (rev 463d00f318),rust/memchr/memmem/rabinkarp,2.8.3,,1001,1000000,1.02s,370.00ns,0.00ns,380.00ns,42.00ns,360.00ns,8.40us
memmem/pathological/rare-repeated-small-tricky,count,0.1.0 (rev 463d00f318),rust/memchr/memmem/shiftor,2.8.3,,1001,1000000,0.97s,370.00ns,10.00ns,374.00ns,26.00ns,360.00ns,8.42us
memmem/pathological/rare-repeated-small-tricky,count,0.1.0 (rev 463d00f318),rust/memchr/memmem/wasm32,2.8.3,,1001,1000000,822.12ms,100.00ns,0.00ns,102.00ns,547.00ns,90.00ns,547.05us
memmem/pathological/rare-repeated-small-tricky,count,0.1.0 (rev 463d00f318),rust/memchrold/memmem/oneshot,2.5.0,,1001,1000000,320.83ms,30.00ns,0.00ns,31.00ns,9.00ns,30.00ns,1.73us
memmem/pathological/rare-repeated-small-tricky,count,0.1.0 (rev 463d00f318),rust/memchrold/memmem/prebuilt,2.5.0,,1001,1000000,270.26ms,20.00ns,0.00ns,25.00ns,10.00ns,20.00ns,5.69us
memmem/pathological/rare-repeated-small-tricky,count,0.1.0 (rev 463d00f318),rust/sliceslice/memmem/oneshot,0.4.3,,1001,1000000,269.97ms,30.00ns,0.00ns,26.00ns,18.00ns,20.00ns,14.95us
memmem/pathological/rare-repeated-small-tricky,count,0.1.0 (rev 463d00f318),rust/sliceslice/memmem/prebuilt,0.4.3,,1001,1000000,270.51ms,20.00ns,0.00ns,23.00ns,17.00ns,20.00ns,14.92us
memmem/pathological/rare-repeated-small-tricky,count,0.1.0 (rev 463d00f318),rust/std/memmem/oneshot,1.99.0-nightly 1a833e165,,1001,1000000,924.04ms,350.00ns,10.00ns,346.00ns,31.00ns,340.00ns,18.48us
memmem/pathological/rare-repeated-small-tricky,count,0.1.0 (rev 463d00f318),rust/std/memmem/prebuilt,1.99.0-nightly 1a833e165,,1001,1000000,921.30ms,340.00ns,0.00ns,345.00ns,33.00ns,340.00ns,21.14us
memmem/pathological/rare-repeated-small-tricky,count,0.1.0 (rev 463d00f318),stringzilla/memmem/oneshot,5.0.5,,1001,1000000,320.79ms,30.00ns,0.00ns,26.00ns,8.00ns,20.00ns,2.00us
memmem/pathological/rare-repeated-small-match,count,0.1.0 (rev 463d00f318),libc/memmem/oneshot,unknown,,1001,1000000,1.47s,630.00ns,10.00ns,636.00ns,33.00ns,610.00ns,5.64us
memmem/pathological/rare-repeated-small-match,count,0.1.0 (rev 463d00f318),rust/jetscii/memmem/oneshot,0.5.3,,1001,1000000,2.47s,1.10us,0.00ns,1.10us,43.00ns,1.09us,16.63us
memmem/pathological/rare-repeated-small-match,count,0.1.0 (rev 463d00f318),rust/jetscii/memmem/prebuilt,0.5.3,,1001,1000000,1.17s,470.00ns,0.00ns,468.00ns,27.00ns,460.00ns,6.12us
memmem/pathological/rare-repeated-small-match,count,0.1.0 (rev 463d00f318),rust/memchr/memmem/oneshot,2.8.3,,1001,1000000,3.68s,1.90us,10.00ns,1.91us,60.00ns,1.87us,18.36us
memmem/pathological/rare-repeated-small-match,count,0.1.0 (rev 463d00f318),rust/memchr/memmem/prebuilt,2.8.3,,1001,1000000,1.12s,450.00ns,0.00ns,448.00ns,33.00ns,430.00ns,19.40us
memmem/pathological/rare-repeated-small-match,count,0.1.0 (rev 463d00f318),rust/memchr/memmem/twoway,2.8.3,,1001,1000000,822.88ms,290.00ns,0.00ns,288.00ns,30.00ns,280.00ns,20.08us
memmem/pathological/rare-repeated-small-match,count,0.1.0 (rev 463d00f318),rust/memchr/memmem/rabinkarp,2.8.3,,1001,1000000,822.85ms,310.00ns,0.00ns,306.00ns,22.00ns,300.00ns,5.08us
memmem/pathological/rare-repeated-small-match,count,0.1.0 (rev 463d00f318),rust/memchr/memmem/shiftor,2.8.3,,1001,1000000,1.02s,390.00ns,0.00ns,387.00ns,24.00ns,380.00ns,2.51us
memmem/pathological/rare-repeated-small-match,count,0.1.0 (rev 463d00f318),rust/memchr/memmem/wasm32,2.8.3,,1001,1000000,2.12s,750.00ns,10.00ns,757.00ns,36.00ns,720.00ns,8.43us
memmem/pathological/rare-repeated-small-match,count,0.1.0 (rev 463d00f318),rust/memchrold/memmem/oneshot,2.5.0,,1001,1000000,2.17s,0.95us,10.00ns,0.95us,558.00ns,890.00ns,556.79us
memmem/pathological/rare-repeated-small-match,count,0.1.0 (rev 463d00f318),rust/memchrold/memmem/prebuilt,2.5.0,,1001,1000000,1.02s,380.00ns,0.00ns,376.00ns,34.00ns,360.00ns,21.91us
memmem/pathological/rare-repeated-small-match,count,0.1.0 (rev 463d00f318),rust/std/memmem/oneshot,1.99.0-nightly 1a833e165,,1001,1000000,3.43s,1.69us,10.00ns,1.70us,85.00ns,1.65us,64.36us
memmem/pathological/rare-repeated-small-match,count,0.1.0 (rev 463d00f318),rust/std/memmem/prebuilt,1.99.0-nightly 1a833e165,,1001,1000000,1.02s,390.00ns,0.00ns,393.00ns,27.00ns,380.00ns,12.09us
memmem/pathological/rare-repeated-small-match,count,0.1.0 (rev 463d00f318),stringzilla/memmem/oneshot,5.0.5,,1001,1000000,1.47s,610.00ns,0.00ns,613.00ns,31.00ns,590.00ns,5.94us
memmem/pathological/defeat-simple-vector-alphabet,count,0.1.0 (rev 463d00f318),libc/memmem/oneshot,unknown,,550004,44432,4.56s,65.64us,50.00ns,67.47us,5.26us,64.70us,609.10us
memmem/pathological/defeat-simple-vector-alphabet,count,0.1.0 (rev 463d00f318),rust/jetscii/memmem/oneshot,0.5.3,,550004,65362,4.56s,45.81us,80.00ns,45.86us,345.00ns,45.42us,61.06us
memmem/pathological/defeat-simple-vector-alphabet,count,0.1.0 (rev 463d00f318),rust/jetscii/memmem/prebuilt,0.5.3,,550004,65341,4.56s,45.82us,90.00ns,45.87us,2.28us,45.21us,622.04us
memmem/pathological/defeat-simple-vector-alphabet,count,0.1.0 (rev 463d00f318),rust/memchr/memmem/oneshot,2.8.3,,550004,35490,4.56s,84.19us,90.00ns,84.49us,1.09us,83.65us,96.84us
memmem/pathological/defeat-simple-vector-alphabet,count,0.1.0 (rev 463d00f318),rust/memchr/memmem/prebuilt,2.8.3,,550004,35541,4.56s,84.02us,100.00ns,84.37us,3.51us,83.56us,716.08us
memmem/pathological/defeat-simple-vector-alphabet,count,0.1.0 (rev 463d00f318),rust/memchr/memmem/twoway,2.8.3,,550004,52036,4.56s,57.49us,80.00ns,57.61us,740.00ns,56.95us,98.14us
memmem/pathological/defeat-simple-vector-alphabet,count,0.1.0 (rev 463d00f318),rust/memchr/memmem/rabinkarp,2.8.3,,550004,15277,4.50s,195.42us,310.00ns,196.33us,5.08us,194.52us,367.19us
memmem/pathological/defeat-simple-vector-alphabet,count,0.1.0 (rev 463d00f318),rust/memchr/memmem/shiftor,2.8.3,,550004,15190,4.50s,197.29us,261.00ns,197.46us,706.00ns,194.96us,213.97us
memmem/pathological/defeat-simple-vector-alphabet,count,0.1.0 (rev 463d00f318),rust/memchr/memmem/wasm32,2.8.3,,550004,27899,4.55s,106.57us,120.00ns,107.40us,2.08us,105.90us,140.75us
memmem/pathological/defeat-simple-vector-alphabet,count,0.1.0 (rev 463d00f318),rust/memchrold/memmem/oneshot,2.5.0,,550004,30372,4.56s,92.09us,150.00ns,98.74us,14.18us,90.52us,134.22us
memmem/pathological/defeat-simple-vector-alphabet,count,0.1.0 (rev 463d00f318),rust/memchrold/memmem/prebuilt,2.5.0,,550004,29203,4.56s,94.66us,1.43us,102.69us,15.29us,90.92us,136.89us
memmem/pathological/defeat-simple-vector-alphabet,count,0.1.0 (rev 463d00f318),rust/sliceslice/memmem/oneshot,0.4.3,,550004,45392,4.56s,65.61us,140.00ns,66.05us,2.70us,65.13us,571.86us
memmem/pathological/defeat-simple-vector-alphabet,count,0.1.0 (rev 463d00f318),rust/sliceslice/memmem/prebuilt,0.4.3,,550004,45929,4.56s,64.99us,100.00ns,65.28us,809.00ns,64.56us,80.85us
memmem/pathological/defeat-simple-vector-alphabet,count,0.1.0 (rev 463d00f318),rust/std/memmem/oneshot,1.99.0-nightly 1a833e165,,550004,58450,4.56s,48.91us,300.00ns,51.29us,6.42us,46.53us,616.01us
memmem/pathological/defeat-simple-vector-alphabet,count,0.1.0 (rev 463d00f318),rust/std/memmem/prebuilt,1.99.0-nightly 1a833e165,,550004,60587,4.56s,48.83us,260.00ns,49.48us,3.26us,46.55us,79.91us
memmem/pathological/defeat-simple-vector-alphabet,count,0.1.0 (rev 463d00f318),stringzilla/memmem/oneshot,5.0.5,,550004,469701,4.61s,6.32us,40.00ns,6.35us,891.00ns,6.14us,610.43us
memmem/pathological/defeat-simple-vector-freq-alphabet,count,0.1.0 (rev 463d00f318),libc/memmem/oneshot,unknown,,720057,80750,4.56s,37.05us,10.00ns,37.11us,306.00ns,36.88us,55.03us
memmem/pathological/defeat-simple-vector-freq-alphabet,count,0.1.0 (rev 463d00f318),rust/jetscii/memmem/oneshot,0.5.3,,720057,93426,4.56s,32.01us,30.00ns,32.07us,290.00ns,31.82us,48.40us
memmem/pathological/defeat-simple-vector-freq-alphabet,count,0.1.0 (rev 463d00f318),rust/jetscii/memmem/prebuilt,0.5.3,,720057,93385,4.56s,32.05us,29.00ns,32.08us,277.00ns,31.84us,46.85us
memmem/pathological/defeat-simple-vector-freq-alphabet,count,0.1.0 (rev 463d00f318),rust/memchr/memmem/oneshot,2.8.3,,720057,115718,4.56s,25.52us,2.38us,25.88us,2.64us,22.71us,72.70us
memmem/pathological/defeat-simple-vector-freq-alphabet,count,0.1.0 (rev 463d00f318),rust/memchr/memmem/prebuilt,2.8.3,,720057,117589,4.56s,25.31us,2.35us,25.47us,2.47us,22.62us,47.18us
memmem/pathological/defeat-simple-vector-freq-alphabet,count,0.1.0 (rev 463d00f318),rust/memchr/memmem/twoway,2.8.3,,720057,147542,4.56s,20.21us,40.00ns,20.29us,331.00ns,19.84us,36.62us
memmem/pathological/defeat-simple-vector-freq-alphabet,count,0.1.0 (rev 463d00f318),rust/memchr/memmem/rabinkarp,2.8.3,,720057,11198,4.50s,267.31us,11.01us,267.86us,12.47us,254.81us,854.41us
memmem/pathological/defeat-simple-vector-freq-alphabet,count,0.1.0 (rev 463d00f318),rust/memchr/memmem/wasm32,2.8.3,,720057,56794,4.56s,51.52us,2.22us,52.69us,2.59us,46.12us,66.29us
memmem/pathological/defeat-simple-vector-freq-alphabet,count,0.1.0 (rev 463d00f318),rust/memchrold/memmem/oneshot,2.5.0,,720057,129248,4.56s,22.96us,510.00ns,23.17us,2.63us,21.93us,863.34us
memmem/pathological/defeat-simple-vector-freq-alphabet,count,0.1.0 (rev 463d00f318),rust/memchrold/memmem/prebuilt,2.5.0,,720057,128337,4.56s,23.00us,640.00ns,23.33us,1.49us,22.04us,42.15us
memmem/pathological/defeat-simple-vector-freq-alphabet,count,0.1.0 (rev 463d00f318),rust/sliceslice/memmem/oneshot,0.4.3,,720057,14824,4.51s,201.94us,90.00ns,202.34us,7.02us,197.54us,1.05ms
memmem/pathological/defeat-simple-vector-freq-alphabet,count,0.1.0 (rev 463d00f318),rust/sliceslice/memmem/prebuilt,0.4.3,,720057,14783,4.50s,202.52us,150.00ns,202.90us,1.11us,197.60us,258.85us
memmem/pathological/defeat-simple-vector-freq-alphabet,count,0.1.0 (rev 463d00f318),rust/std/memmem/oneshot,1.99.0-nightly 1a833e165,,720057,226436,4.56s,12.94us,19.00ns,13.21us,823.00ns,11.58us,39.11us
memmem/pathological/defeat-simple-vector-freq-alphabet,count,0.1.0 (rev 463d00f318),rust/std/memmem/prebuilt,1.99.0-nightly 1a833e165,,720057,231163,4.56s,12.91us,10.00ns,12.94us,270.00ns,12.79us,28.28us
memmem/pathological/defeat-simple-vector-freq-alphabet,count,0.1.0 (rev 463d00f318),stringzilla/memmem/oneshot,5.0.5,,720057,35527,4.56s,84.21us,140.00ns,84.40us,713.00ns,83.67us,103.72us
memmem/pathological/defeat-simple-vector-repeated-alphabet,count,0.1.0 (rev 463d00f318),libc/memmem/oneshot,unknown,,720057,3355,4.50s,894.29us,279.00ns,894.25us,893.00ns,892.13us,912.23us
memmem/pathological/defeat-simple-vector-repeated-alphabet,count,0.1.0 (rev 463d00f318),rust/jetscii/memmem/oneshot,0.5.3,,720057,944,4.55s,3.18ms,1.45us,3.18ms,2.49us,3.17ms,3.20ms
memmem/pathological/defeat-simple-vector-repeated-alphabet,count,0.1.0 (rev 463d00f318),rust/jetscii/memmem/prebuilt,0.5.3,,720057,943,4.56s,3.18ms,1.52us,3.18ms,26.76us,3.18ms,4.00ms
memmem/pathological/defeat-simple-vector-repeated-alphabet,count,0.1.0 (rev 463d00f318),rust/memchr/memmem/oneshot,2.8.3,,720057,5472,4.50s,519.98us,1.27us,548.22us,55.21us,513.66us,775.10us
memmem/pathological/defeat-simple-vector-repeated-alphabet,count,0.1.0 (rev 463d00f318),rust/memchr/memmem/prebuilt,2.8.3,,720057,5687,4.50s,519.80us,1.08us,527.56us,30.90us,510.55us,949.86us
memmem/pathological/defeat-simple-vector-repeated-alphabet,count,0.1.0 (rev 463d00f318),rust/memchr/memmem/twoway,2.8.3,,720057,8266,4.50s,362.06us,480.00ns,362.90us,1.56us,359.55us,389.87us
memmem/pathological/defeat-simple-vector-repeated-alphabet,count,0.1.0 (rev 463d00f318),rust/memchr/memmem/rabinkarp,2.8.3,,720057,11254,4.50s,261.04us,5.92us,266.54us,11.73us,254.67us,778.60us
memmem/pathological/defeat-simple-vector-repeated-alphabet,count,0.1.0 (rev 463d00f318),rust/memchr/memmem/wasm32,2.8.3,,720057,3191,4.55s,930.58us,1.07us,940.20us,43.80us,868.95us,1.06ms
memmem/pathological/defeat-simple-vector-repeated-alphabet,count,0.1.0 (rev 463d00f318),rust/memchrold/memmem/oneshot,2.5.0,,720057,5921,4.50s,497.81us,2.37us,506.69us,25.82us,486.58us,653.15us
memmem/pathological/defeat-simple-vector-repeated-alphabet,count,0.1.0 (rev 463d00f318),rust/memchrold/memmem/prebuilt,2.5.0,,720057,5887,4.50s,495.98us,4.60us,509.58us,31.46us,483.75us,651.09us
memmem/pathological/defeat-simple-vector-repeated-alphabet,count,0.1.0 (rev 463d00f318),rust/sliceslice/memmem/oneshot,0.4.3,,720057,2469,4.50s,1.21ms,670.00ns,1.22ms,9.76us,1.21ms,1.26ms
memmem/pathological/defeat-simple-vector-repeated-alphabet,count,0.1.0 (rev 463d00f318),rust/sliceslice/memmem/prebuilt,0.4.3,,720057,2472,4.50s,1.21ms,671.00ns,1.21ms,1.45us,1.21ms,1.23ms
memmem/pathological/defeat-simple-vector-repeated-alphabet,count,0.1.0 (rev 463d00f318),rust/std/memmem/oneshot,1.99.0-nightly 1a833e165,,720057,8965,4.50s,332.96us,670.00ns,334.62us,9.52us,329.21us,522.01us
memmem/pathological/defeat-simple-vector-repeated-alphabet,count,0.1.0 (rev 463d00f318),rust/std/memmem/prebuilt,1.99.0-nightly 1a833e165,,720057,8592,4.50s,333.17us,1.46us,349.12us,25.60us,327.28us,880.89us
memmem/pathological/defeat-simple-vector-repeated-alphabet,count,0.1.0 (rev 463d00f318),stringzilla/memmem/oneshot,5.0.5,,720057,405853,4.61s,7.51us,20.00ns,7.35us,382.00ns,6.44us,22.27us
memmem/sliceslice/short,needles-in-needles,0.1.0 (rev 463d00f318),rust/memchr/memmem/prebuilt,2.8.3,,,484,4.56s,6.20ms,24.23us,6.21ms,46.43us,6.11ms,6.84ms
memmem/sliceslice/short,needles-in-needles,0.1.0 (rev 463d00f318),rust/memchrold/memmem/prebuilt,2.5.0,,,242,4.56s,12.42ms,11.89us,12.43ms,53.98us,12.12ms,12.96ms
memmem/sliceslice/short,needles-in-needles,0.1.0 (rev 463d00f318),rust/sliceslice/memmem/prebuilt,0.4.3,,,186,4.56s,16.13ms,12.28us,16.14ms,70.79us,15.81ms,16.93ms
memmem/sliceslice/seemingly-random,needles-in-haystack,0.1.0 (rev 463d00f318),rust/memchr/memmem/prebuilt,2.8.3,,1000,42159,4.56s,70.87us,410.00ns,71.12us,836.00ns,69.85us,90.82us
memmem/sliceslice/seemingly-random,needles-in-haystack,0.1.0 (rev 463d00f318),rust/memchrold/memmem/prebuilt,2.5.0,,1000,41748,4.56s,71.61us,140.00ns,71.82us,543.00ns,71.14us,98.05us
memmem/sliceslice/seemingly-random,needles-in-haystack,0.1.0 (rev 463d00f318),rust/sliceslice/memmem/prebuilt,0.4.3,,1000,62051,4.56s,47.71us,440.00ns,48.31us,1.13us,47.08us,65.61us
memmem/sliceslice/i386,needles-in-haystack,0.1.0 (rev 463d00f318),rust/memchr/memmem/prebuilt,2.8.3,,806771,339,4.56s,8.57ms,86.25us,8.86ms,531.68us,8.47ms,10.31ms
memmem/sliceslice/i386,needles-in-haystack,0.1.0 (rev 463d00f318),rust/memchrold/memmem/prebuilt,2.5.0,,806771,332,4.56s,8.80ms,55.94us,9.04ms,505.57us,8.67ms,10.41ms
memmem/sliceslice/i386,needles-in-haystack,0.1.0 (rev 463d00f318),rust/sliceslice/memmem/prebuilt,0.4.3,,806771,290,4.56s,10.33ms,8.50us,10.37ms,72.50us,10.31ms,10.67ms
memmem/subtitles/common/huge-en-that,count,0.1.0 (rev 463d00f318),libc/memmem/oneshot,unknown,,613345,36640,4.56s,79.34us,140.00ns,81.83us,5.92us,78.58us,621.53us
memmem/subtitles/common/huge-en-that,count,0.1.0 (rev 463d00f318),rust/jetscii/memmem/oneshot,0.5.3,,613345,74834,4.56s,39.99us,40.00ns,40.05us,342.00ns,39.71us,67.28us
memmem/subtitles/common/huge-en-that,count,0.1.0 (rev 463d00f318),rust/jetscii/memmem/prebuilt,0.5.3,,613345,84979,4.56s,35.19us,30.00ns,35.26us,1.87us,34.90us,570.86us
memmem/subtitles/common/huge-en-that,count,0.1.0 (rev 463d00f318),rust/memchr/memmem/oneshot,2.8.3,,613345,144174,4.56s,20.69us,60.00ns,20.77us,285.00ns,20.47us,36.46us
memmem/subtitles/common/huge-en-that,count,0.1.0 (rev 463d00f318),rust/memchr/memmem/prebuilt,2.8.3,,613345,265209,4.56s,11.20us,160.00ns,11.27us,1.26us,10.43us,613.42us
memmem/subtitles/common/huge-en-that,count,0.1.0 (rev 463d00f318),rust/memchr/memmem/twoway,2.8.3,,613345,52316,4.56s,57.21us,70.00ns,57.30us,450.00ns,56.81us,98.29us
memmem/subtitles/common/huge-en-that,count,0.1.0 (rev 463d00f318),rust/memchr/memmem/rabinkarp,2.8.3,,613345,12653,4.50s,236.50us,590.00ns,237.07us,4.14us,232.08us,334.81us
memmem/subtitles/common/huge-en-that,count,0.1.0 (rev 463d00f318),rust/memchr/memmem/shiftor,2.8.3,,613345,13065,4.50s,229.66us,410.00ns,229.58us,1.11us,223.52us,245.51us
memmem/subtitles/common/huge-en-that,count,0.1.0 (rev 463d00f318),rust/memchr/memmem/wasm32,2.8.3,,613345,98244,4.56s,30.09us,250.00ns,30.39us,1.02us,29.59us,178.90us
memmem/subtitles/common/huge-en-that,count,0.1.0 (rev 463d00f318),rust/memchrold/memmem/oneshot,2.5.0,,613345,235733,4.56s,12.63us,30.00ns,12.69us,257.00ns,12.49us,28.06us
memmem/subtitles/common/huge-en-that,count,0.1.0 (rev 463d00f318),rust/memchrold/memmem/prebuilt,2.5.0,,613345,329804,4.56s,9.04us,20.00ns,9.05us,153.00ns,8.93us,25.69us
memmem/subtitles/common/huge-en-that,count,0.1.0 (rev 463d00f318),rust/std/memmem/oneshot,1.99.0-nightly 1a833e165,,613345,51636,4.56s,57.46us,910.00ns,58.06us,4.24us,55.33us,574.79us
memmem/subtitles/common/huge-en-that,count,0.1.0 (rev 463d00f318),rust/std/memmem/prebuilt,1.99.0-nightly 1a833e165,,613345,57548,4.56s,50.41us,220.00ns,52.09us,4.43us,49.32us,175.82us
memmem/subtitles/common/huge-en-that,count,0.1.0 (rev 463d00f318),stringzilla/memmem/oneshot,5.0.5,,613345,286442,4.56s,10.41us,10.00ns,10.43us,0.99us,9.92us,529.77us
memmem/subtitles/common/huge-en-you,count,0.1.0 (rev 463d00f318),libc/memmem/oneshot,unknown,,613345,21471,4.56s,133.19us,380.00ns,139.69us,18.39us,131.76us,201.65us
memmem/subtitles/common/huge-en-you,count,0.1.0 (rev 463d00f318),rust/jetscii/memmem/oneshot,0.5.3,,613345,39876,4.56s,75.05us,100.00ns,75.19us,3.27us,74.39us,716.06us
memmem/subtitles/common/huge-en-you,count,0.1.0 (rev 463d00f318),rust/jetscii/memmem/prebuilt,0.5.3,,613345,65966,4.56s,45.32us,90.00ns,45.44us,583.00ns,45.01us,108.25us
memmem/subtitles/common/huge-en-you,count,0.1.0 (rev 463d00f318),rust/memchr/memmem/oneshot,2.8.3,,613345,31040,4.56s,96.60us,170.00ns,96.61us,758.00ns,90.59us,114.94us
memmem/subtitles/common/huge-en-you,count,0.1.0 (rev 463d00f318),rust/memchr/memmem/prebuilt,2.8.3,,613345,121881,4.56s,24.53us,50.00ns,24.57us,443.00ns,24.09us,98.06us
memmem/subtitles/common/huge-en-you,count,0.1.0 (rev 463d00f318),rust/memchr/memmem/twoway,2.8.3,,613345,40141,4.56s,74.54us,150.00ns,74.69us,656.00ns,73.99us,89.48us
memmem/subtitles/common/huge-en-you,count,0.1.0 (rev 463d00f318),rust/memchr/memmem/rabinkarp,2.8.3,,613345,11695,4.50s,256.26us,430.00ns,256.49us,850.00ns,253.93us,271.68us
memmem/subtitles/common/huge-en-you,count,0.1.0 (rev 463d00f318),rust/memchr/memmem/shiftor,2.8.3,,613345,11619,4.50s,257.99us,279.00ns,258.17us,867.00ns,249.95us,276.14us
memmem/subtitles/common/huge-en-you,count,0.1.0 (rev 463d00f318),rust/memchr/memmem/wasm32,2.8.3,,613345,66451,4.56s,44.89us,80.00ns,45.01us,1.88us,44.22us,515.65us
memmem/subtitles/common/huge-en-you,count,0.1.0 (rev 463d00f318),rust/memchrold/memmem/oneshot,2.5.0,,613345,56572,4.56s,52.89us,420.00ns,52.99us,666.00ns,51.58us,68.43us
memmem/subtitles/common/huge-en-you,count,0.1.0 (rev 463d00f318),rust/memchrold/memmem/prebuilt,2.5.0,,613345,122865,4.56s,24.31us,70.00ns,24.37us,1.59us,23.70us,570.28us
memmem/subtitles/common/huge-en-you,count,0.1.0 (rev 463d00f318),rust/std/memmem/oneshot,1.99.0-nightly 1a833e165,,613345,28524,4.56s,103.40us,1.36us,105.13us,5.50us,100.58us,204.22us
memmem/subtitles/common/huge-en-you,count,0.1.0 (rev 463d00f318),rust/std/memmem/prebuilt,1.99.0-nightly 1a833e165,,613345,41525,4.56s,71.12us,570.00ns,72.20us,3.98us,69.32us,623.35us
memmem/subtitles/common/huge-en-you,count,0.1.0 (rev 463d00f318),stringzilla/memmem/oneshot,5.0.5,,613345,103371,4.56s,28.94us,30.00ns,28.98us,284.00ns,28.71us,46.48us
memmem/subtitles/common/huge-en-one-space,count,0.1.0 (rev 463d00f318),libc/memmem/oneshot,unknown,,613345,7156,4.50s,418.94us,690.00ns,419.18us,1.12us,416.56us,435.14us
memmem/subtitles/common/huge-en-one-space,count,0.1.0 (rev 463d00f318),rust/jetscii/memmem/oneshot,0.5.3,,613345,2399,4.50s,1.25ms,1.23us,1.25ms,1.88us,1.25ms,1.27ms
memmem/subtitles/common/huge-en-one-space,count,0.1.0 (rev 463d00f318),rust/jetscii/memmem/prebuilt,0.5.3,,613345,4417,4.50s,679.02us,1.08us,679.28us,2.02us,672.82us,696.16us
memmem/subtitles/common/huge-en-one-space,count,0.1.0 (rev 463d00f318),rust/memchr/memmem/oneshot,2.8.3,,613345,3975,4.50s,754.78us,459.00ns,754.71us,1.12us,750.87us,768.17us
memmem/subtitles/common/huge-en-one-space,count,0.1.0 (rev 463d00f318),rust/memchr/memmem/prebuilt,2.8.3,,613345,8711,4.50s,343.93us,510.00ns,344.37us,1.19us,337.55us,359.76us
memmem/subtitles/common/huge-en-one-space,count,0.1.0 (rev 463d00f318),rust/memchr/memmem/twoway,2.8.3,,613345,5746,4.50s,517.66us,3.82us,522.09us,9.36us,503.87us,581.72us
memmem/subtitles/common/huge-en-one-space,count,0.1.0 (rev 463d00f318),rust/memchr/memmem/rabinkarp,2.8.3,,613345,5505,4.50s,543.18us,2.28us,544.96us,9.08us,535.20us,780.66us
memmem/subtitles/common/huge-en-one-space,count,0.1.0 (rev 463d00f318),rust/memchr/memmem/shiftor,2.8.3,,613345,6295,4.50s,476.11us,1.11us,476.60us,8.80us,470.67us,1.06ms
memmem/subtitles/common/huge-en-one-space,count,0.1.0 (rev 463d00f318),rust/memchr/memmem/wasm32,2.8.3,,613345,6688,4.55s,447.85us,849.00ns,448.45us,3.87us,441.08us,476.72us
memmem/subtitles/common/huge-en-one-space,count,0.1.0 (rev 463d00f318),rust/memchrold/memmem/oneshot,2.5.0,,613345,4669,4.50s,642.67us,610.00ns,642.59us,7.64us,636.18us,1.16ms
memmem/subtitles/common/huge-en-one-space,count,0.1.0 (rev 463d00f318),rust/memchrold/memmem/prebuilt,2.5.0,,613345,10398,4.50s,288.01us,429.00ns,288.48us,1.29us,286.58us,302.60us
memmem/subtitles/common/huge-en-one-space,count,0.1.0 (rev 463d00f318),rust/std/memmem/oneshot,1.99.0-nightly 1a833e165,,613345,2260,4.50s,1.33ms,3.59us,1.33ms,6.30us,1.32ms,1.35ms
memmem/subtitles/common/huge-en-one-space,count,0.1.0 (rev 463d00f318),rust/std/memmem/prebuilt,1.99.0-nightly 1a833e165,,613345,4227,4.50s,708.91us,2.25us,709.77us,3.77us,701.60us,769.44us
memmem/subtitles/common/huge-en-one-space,count,0.1.0 (rev 463d00f318),stringzilla/memmem/oneshot,5.0.5,,613345,7849,4.50s,381.61us,410.00ns,382.22us,1.55us,367.49us,396.91us
memmem/subtitles/common/huge-ru-that,count,0.1.0 (rev 463d00f318),libc/memmem/oneshot,unknown,,613402,19163,4.50s,152.61us,1.58us,156.52us,11.24us,149.05us,1.01ms
memmem/subtitles/common/huge-ru-that,count,0.1.0 (rev 463d00f318),rust/jetscii/memmem/oneshot,0.5.3,,613402,66139,4.56s,45.24us,50.00ns,45.32us,467.00ns,44.88us,88.50us
memmem/subtitles/common/huge-ru-that,count,0.1.0 (rev 463d00f318),rust/jetscii/memmem/prebuilt,0.5.3,,613402,76421,4.56s,39.12us,50.00ns,39.21us,3.08us,38.85us,881.86us
memmem/subtitles/common/huge-ru-that,count,0.1.0 (rev 463d00f318),rust/memchr/memmem/oneshot,2.8.3,,613402,111523,4.56s,26.85us,60.00ns,26.86us,287.00ns,25.41us,42.25us
memmem/subtitles/common/huge-ru-that,count,0.1.0 (rev 463d00f318),rust/memchr/memmem/prebuilt,2.8.3,,613402,281836,4.56s,10.47us,50.00ns,10.60us,1.59us,10.27us,839.22us
memmem/subtitles/common/huge-ru-that,count,0.1.0 (rev 463d00f318),rust/memchr/memmem/twoway,2.8.3,,613402,7440,4.50s,403.05us,1.37us,403.21us,2.29us,396.55us,419.03us
memmem/subtitles/common/huge-ru-that,count,0.1.0 (rev 463d00f318),rust/memchr/memmem/rabinkarp,2.8.3,,613402,12997,4.50s,229.96us,720.00ns,230.78us,6.12us,228.63us,334.00us
memmem/subtitles/common/huge-ru-that,count,0.1.0 (rev 463d00f318),rust/memchr/memmem/shiftor,2.8.3,,613402,13057,4.50s,229.36us,260.00ns,229.73us,923.00ns,224.05us,245.07us
memmem/subtitles/common/huge-ru-that,count,0.1.0 (rev 463d00f318),rust/memchr/memmem/wasm32,2.8.3,,613402,94479,4.56s,31.39us,390.00ns,31.62us,785.00ns,30.52us,46.29us
memmem/subtitles/common/huge-ru-that,count,0.1.0 (rev 463d00f318),rust/memchrold/memmem/oneshot,2.5.0,,613402,173484,4.56s,17.23us,120.00ns,17.25us,261.00ns,16.73us,33.87us
memmem/subtitles/common/huge-ru-that,count,0.1.0 (rev 463d00f318),rust/memchrold/memmem/prebuilt,2.5.0,,613402,296455,4.56s,10.05us,50.00ns,10.08us,159.00ns,9.90us,26.30us
memmem/subtitles/common/huge-ru-that,count,0.1.0 (rev 463d00f318),rust/std/memmem/oneshot,1.99.0-nightly 1a833e165,,613402,7480,4.50s,400.85us,1.57us,401.06us,8.41us,395.44us,1.10ms
memmem/subtitles/common/huge-ru-that,count,0.1.0 (rev 463d00f318),rust/std/memmem/prebuilt,1.99.0-nightly 1a833e165,,613402,7689,4.50s,389.91us,1.18us,390.16us,2.11us,384.75us,408.84us
memmem/subtitles/common/huge-ru-that,count,0.1.0 (rev 463d00f318),stringzilla/memmem/oneshot,5.0.5,,613402,251526,4.56s,11.86us,10.00ns,11.88us,1.01us,11.64us,512.52us
memmem/subtitles/common/huge-ru-not,count,0.1.0 (rev 463d00f318),libc/memmem/oneshot,unknown,,613402,13309,4.50s,214.27us,2.61us,225.37us,19.18us,209.40us,269.53us
memmem/subtitles/common/huge-ru-not,count,0.1.0 (rev 463d00f318),rust/jetscii/memmem/oneshot,0.5.3,,613402,16292,4.50s,181.94us,2.29us,184.10us,6.65us,177.62us,681.44us
memmem/subtitles/common/huge-ru-not,count,0.1.0 (rev 463d00f318),rust/jetscii/memmem/prebuilt,0.5.3,,613402,17552,4.50s,168.93us,1.92us,170.89us,5.23us,165.08us,224.77us
memmem/subtitles/common/huge-ru-not,count,0.1.0 (rev 463d00f318),rust/memchr/memmem/oneshot,2.8.3,,613402,42263,4.56s,70.92us,210.00ns,70.94us,553.00ns,66.39us,86.08us
memmem/subtitles/common/huge-ru-not,count,0.1.0 (rev 463d00f318),rust/memchr/memmem/prebuilt,2.8.3,,613402,171174,4.56s,17.50us,400.00ns,17.48us,508.00ns,16.77us,46.84us
memmem/subtitles/common/huge-ru-not,count,0.1.0 (rev 463d00f318),rust/memchr/memmem/twoway,2.8.3,,613402,6828,4.50s,439.23us,1.65us,439.33us,2.94us,431.75us,470.68us
memmem/subtitles/common/huge-ru-not,count,0.1.0 (rev 463d00f318),rust/memchr/memmem/rabinkarp,2.8.3,,613402,11661,4.50s,257.09us,560.00ns,257.24us,922.00ns,254.12us,271.83us
memmem/subtitles/common/huge-ru-not,count,0.1.0 (rev 463d00f318),rust/memchr/memmem/shiftor,2.8.3,,613402,12033,4.50s,248.97us,250.00ns,249.28us,859.00ns,237.24us,269.61us
memmem/subtitles/common/huge-ru-not,count,0.1.0 (rev 463d00f318),rust/memchr/memmem/wasm32,2.8.3,,613402,63900,4.56s,46.57us,270.00ns,46.81us,2.35us,45.70us,622.00us
memmem/subtitles/common/huge-ru-not,count,0.1.0 (rev 463d00f318),rust/memchrold/memmem/oneshot,2.5.0,,613402,73761,4.56s,40.49us,160.00ns,40.63us,504.00ns,39.80us,66.94us
memmem/subtitles/common/huge-ru-not,count,0.1.0 (rev 463d00f318),rust/memchrold/memmem/prebuilt,2.5.0,,613402,178457,4.56s,16.74us,50.00ns,16.77us,2.02us,16.42us,865.46us
memmem/subtitles/common/huge-ru-not,count,0.1.0 (rev 463d00f318),rust/std/memmem/oneshot,1.99.0-nightly 1a833e165,,613402,6689,4.50s,448.25us,1.45us,448.46us,2.17us,443.43us,464.02us
memmem/subtitles/common/huge-ru-not,count,0.1.0 (rev 463d00f318),rust/std/memmem/prebuilt,1.99.0-nightly 1a833e165,,613402,7106,4.50s,421.72us,2.02us,422.17us,7.40us,415.64us,921.35us
memmem/subtitles/common/huge-ru-not,count,0.1.0 (rev 463d00f318),stringzilla/memmem/oneshot,5.0.5,,613402,128895,4.56s,23.19us,20.00ns,23.24us,740.00ns,22.71us,138.87us
memmem/subtitles/common/huge-ru-one-space,count,0.1.0 (rev 463d00f318),libc/memmem/oneshot,unknown,,613402,14690,4.51s,203.79us,250.00ns,204.18us,1.01us,202.71us,220.02us
memmem/subtitles/common/huge-ru-one-space,count,0.1.0 (rev 463d00f318),rust/jetscii/memmem/oneshot,0.5.3,,613402,4422,4.50s,678.50us,736.00ns,678.40us,1.17us,674.37us,695.01us
memmem/subtitles/common/huge-ru-one-space,count,0.1.0 (rev 463d00f318),rust/jetscii/memmem/prebuilt,0.5.3,,613402,7289,4.50s,411.28us,749.00ns,411.54us,1.27us,408.83us,433.28us
memmem/subtitles/common/huge-ru-one-space,count,0.1.0 (rev 463d00f318),rust/memchr/memmem/oneshot,2.8.3,,613402,7809,4.50s,383.85us,609.00ns,384.14us,922.00ns,382.16us,399.56us
memmem/subtitles/common/huge-ru-one-space,count,0.1.0 (rev 463d00f318),rust/memchr/memmem/prebuilt,2.8.3,,613402,16052,4.50s,186.58us,180.00ns,186.86us,684.00ns,185.21us,201.55us
memmem/subtitles/common/huge-ru-one-space,count,0.1.0 (rev 463d00f318),rust/memchr/memmem/twoway,2.8.3,,613402,6221,4.50s,480.03us,2.78us,482.22us,8.94us,474.96us,1.09ms
memmem/subtitles/common/huge-ru-one-space,count,0.1.0 (rev 463d00f318),rust/memchr/memmem/rabinkarp,2.8.3,,613402,5618,4.50s,530.74us,1.78us,533.97us,7.89us,526.36us,616.57us
memmem/subtitles/common/huge-ru-one-space,count,0.1.0 (rev 463d00f318),rust/memchr/memmem/shiftor,2.8.3,,613402,6298,4.50s,475.84us,2.33us,476.31us,11.08us,468.30us,1.32ms
memmem/subtitles/common/huge-ru-one-space,count,0.1.0 (rev 463d00f318),rust/memchr/memmem/wasm32,2.8.3,,613402,8752,4.55s,342.52us,1.01us,342.67us,1.63us,338.46us,376.19us
memmem/subtitles/common/huge-ru-one-space,count,0.1.0 (rev 463d00f318),rust/memchrold/memmem/oneshot,2.5.0,,613402,9127,4.50s,328.28us,610.00ns,328.66us,6.04us,323.41us,859.24us
memmem/subtitles/common/huge-ru-one-space,count,0.1.0 (rev 463d00f318),rust/memchrold/memmem/prebuilt,2.5.0,,613402,19381,4.51s,154.55us,170.00ns,154.75us,613.00ns,153.62us,169.41us
memmem/subtitles/common/huge-ru-one-space,count,0.1.0 (rev 463d00f318),rust/std/memmem/oneshot,1.99.0-nightly 1a833e165,,613402,3841,4.50s,780.23us,1.02us,781.09us,2.79us,774.17us,797.39us
memmem/subtitles/common/huge-ru-one-space,count,0.1.0 (rev 463d00f318),rust/std/memmem/prebuilt,1.99.0-nightly 1a833e165,,613402,5419,4.50s,553.60us,910.00ns,553.64us,1.43us,550.00us,570.03us
memmem/subtitles/common/huge-ru-one-space,count,0.1.0 (rev 463d00f318),stringzilla/memmem/oneshot,5.0.5,,613402,16682,4.50s,178.20us,60.00ns,179.80us,7.71us,177.60us,1.03ms
memmem/subtitles/common/huge-zh-that,count,0.1.0 (rev 463d00f318),libc/memmem/oneshot,unknown,,613427,28401,4.56s,102.96us,150.00ns,105.59us,14.02us,101.23us,704.11us
memmem/subtitles/common/huge-zh-that,count,0.1.0 (rev 463d00f318),rust/jetscii/memmem/oneshot,0.5.3,,613427,77960,4.56s,38.38us,40.00ns,38.44us,320.00ns,38.12us,54.74us
memmem/subtitles/common/huge-zh-that,count,0.1.0 (rev 463d00f318),rust/jetscii/memmem/prebuilt,0.5.3,,613427,90015,4.56s,33.22us,40.00ns,33.29us,1.86us,32.95us,584.13us
memmem/subtitles/common/huge-zh-that,count,0.1.0 (rev 463d00f318),rust/memchr/memmem/oneshot,2.8.3,,613427,132381,4.56s,22.58us,30.00ns,22.62us,248.00ns,22.35us,39.85us
memmem/subtitles/common/huge-zh-that,count,0.1.0 (rev 463d00f318),rust/memchr/memmem/prebuilt,2.8.3,,613427,279819,4.56s,10.66us,30.00ns,10.68us,1.45us,10.39us,774.21us
memmem/subtitles/common/huge-zh-that,count,0.1.0 (rev 463d00f318),rust/memchr/memmem/twoway,2.8.3,,613427,35850,4.56s,83.39us,180.00ns,83.64us,1.16us,82.69us,131.62us
memmem/subtitles/common/huge-zh-that,count,0.1.0 (rev 463d00f318),rust/memchr/memmem/rabinkarp,2.8.3,,613427,12283,4.50s,243.92us,631.00ns,244.20us,6.96us,241.86us,1.00ms
memmem/subtitles/common/huge-zh-that,count,0.1.0 (rev 463d00f318),rust/memchr/memmem/shiftor,2.8.3,,613427,12943,4.50s,231.57us,330.00ns,231.75us,753.00ns,225.11us,247.51us
memmem/subtitles/common/huge-zh-that,count,0.1.0 (rev 463d00f318),rust/memchr/memmem/wasm32,2.8.3,,613427,111422,4.56s,26.70us,60.00ns,26.79us,513.00ns,26.35us,42.88us
memmem/subtitles/common/huge-zh-that,count,0.1.0 (rev 463d00f318),rust/memchrold/memmem/oneshot,2.5.0,,613427,199823,4.56s,14.69us,130.00ns,14.97us,516.00ns,14.40us,29.94us
memmem/subtitles/common/huge-zh-that,count,0.1.0 (rev 463d00f318),rust/memchrold/memmem/prebuilt,2.5.0,,613427,284941,4.56s,10.22us,90.00ns,10.49us,395.00ns,10.03us,26.46us
memmem/subtitles/common/huge-zh-that,count,0.1.0 (rev 463d00f318),rust/std/memmem/oneshot,1.99.0-nightly 1a833e165,,613427,36248,4.56s,81.93us,1.26us,82.72us,5.58us,78.66us,578.76us
memmem/subtitles/common/huge-zh-that,count,0.1.0 (rev 463d00f318),rust/std/memmem/prebuilt,1.99.0-nightly 1a833e165,,613427,40857,4.56s,71.94us,390.00ns,73.39us,5.62us,70.55us,99.12us
memmem/subtitles/common/huge-zh-that,count,0.1.0 (rev 463d00f318),stringzilla/memmem/oneshot,5.0.5,,613427,277267,4.56s,10.76us,10.00ns,10.78us,1.18us,10.61us,626.14us
memmem/subtitles/common/huge-zh-do-not,count,0.1.0 (rev 463d00f318),libc/memmem/oneshot,unknown,,613427,21561,4.51s,133.25us,770.00ns,139.10us,19.99us,130.59us,220.66us
memmem/subtitles/common/huge-zh-do-not,count,0.1.0 (rev 463d00f318),rust/jetscii/memmem/oneshot,0.5.3,,613427,52024,4.56s,57.52us,60.00ns,57.63us,3.29us,57.13us,793.23us
memmem/subtitles/common/huge-zh-do-not,count,0.1.0 (rev 463d00f318),rust/jetscii/memmem/prebuilt,0.5.3,,613427,73546,4.56s,40.68us,40.00ns,40.75us,628.00ns,40.37us,107.53us
memmem/subtitles/common/huge-zh-do-not,count,0.1.0 (rev 463d00f318),rust/memchr/memmem/oneshot,2.8.3,,613427,53978,4.56s,55.46us,90.00ns,55.54us,387.00ns,54.42us,73.84us
memmem/subtitles/common/huge-zh-do-not,count,0.1.0 (rev 463d00f318),rust/memchr/memmem/prebuilt,2.8.3,,613427,184073,4.56s,16.23us,40.00ns,16.26us,227.00ns,15.98us,37.93us
memmem/subtitles/common/huge-zh-do-not,count,0.1.0 (rev 463d00f318),rust/memchr/memmem/twoway,2.8.3,,613427,27211,4.56s,109.16us,2.04us,110.21us,3.57us,105.50us,140.79us
memmem/subtitles/common/huge-zh-do-not,count,0.1.0 (rev 463d00f318),rust/memchr/memmem/rabinkarp,2.8.3,,613427,11829,4.50s,253.19us,620.00ns,253.58us,4.68us,250.45us,350.04us
memmem/subtitles/common/huge-zh-do-not,count,0.1.0 (rev 463d00f318),rust/memchr/memmem/shiftor,2.8.3,,613427,12238,4.50s,244.81us,180.00ns,245.10us,788.00ns,235.08us,273.48us
memmem/subtitles/common/huge-zh-do-not,count,0.1.0 (rev 463d00f318),rust/memchr/memmem/wasm32,2.8.3,,613427,80966,4.56s,36.79us,120.00ns,36.91us,518.00ns,36.20us,54.12us
memmem/subtitles/common/huge-zh-do-not,count,0.1.0 (rev 463d00f318),rust/memchrold/memmem/oneshot,2.5.0,,613427,94865,4.56s,31.47us,160.00ns,31.58us,421.00ns,30.97us,52.62us
memmem/subtitles/common/huge-zh-do-not,count,0.1.0 (rev 463d00f318),rust/memchrold/memmem/prebuilt,2.5.0,,613427,185888,4.56s,16.05us,120.00ns,16.10us,263.00ns,15.67us,31.42us
memmem/subtitles/common/huge-zh-do-not,count,0.1.0 (rev 463d00f318),rust/std/memmem/oneshot,1.99.0-nightly 1a833e165,,613427,23082,4.56s,128.55us,2.39us,129.93us,5.45us,123.53us,177.35us
memmem/subtitles/common/huge-zh-do-not,count,0.1.0 (rev 463d00f318),rust/std/memmem/prebuilt,1.99.0-nightly 1a833e165,,613427,27437,4.56s,107.85us,2.63us,109.30us,7.86us,102.22us,791.38us
memmem/subtitles/common/huge-zh-do-not,count,0.1.0 (rev 463d00f318),stringzilla/memmem/oneshot,5.0.5,,613427,157243,4.56s,19.04us,30.00ns,19.04us,237.00ns,18.70us,38.64us
memmem/subtitles/common/huge-zh-one-space,count,0.1.0 (rev 463d00f318),libc/memmem/oneshot,unknown,,613427,39099,4.56s,76.54us,80.00ns,76.69us,3.14us,76.02us,678.58us
memmem/subtitles/common/huge-zh-one-space,count,0.1.0 (rev 463d00f318),rust/jetscii/memmem/oneshot,0.5.3,,613427,11571,4.50s,258.96us,870.00ns,259.23us,1.46us,256.51us,290.34us
memmem/subtitles/common/huge-zh-one-space,count,0.1.0 (rev 463d00f318),rust/jetscii/memmem/prebuilt,0.5.3,,613427,19133,4.50s,156.24us,1.40us,156.76us,2.41us,153.30us,207.86us
memmem/subtitles/common/huge-zh-one-space,count,0.1.0 (rev 463d00f318),rust/memchr/memmem/oneshot,2.8.3,,613427,18892,4.50s,158.58us,250.00ns,158.76us,638.00ns,157.68us,173.52us
memmem/subtitles/common/huge-zh-one-space,count,0.1.0 (rev 463d00f318),rust/memchr/memmem/prebuilt,2.8.3,,613427,35416,4.56s,84.41us,190.00ns,84.66us,780.00ns,83.82us,135.23us
memmem/subtitles/common/huge-zh-one-space,count,0.1.0 (rev 463d00f318),rust/memchr/memmem/twoway,2.8.3,,613427,8362,4.50s,358.48us,1.46us,358.73us,8.33us,353.29us,1.06ms
memmem/subtitles/common/huge-zh-one-space,count,0.1.0 (rev 463d00f318),rust/memchr/memmem/rabinkarp,2.8.3,,613427,9572,4.50s,312.39us,1.36us,313.38us,8.17us,307.08us,416.96us
memmem/subtitles/common/huge-zh-one-space,count,0.1.0 (rev 463d00f318),rust/memchr/memmem/shiftor,2.8.3,,613427,10573,4.50s,282.82us,1.90us,283.70us,4.67us,278.37us,599.36us
memmem/subtitles/common/huge-zh-one-space,count,0.1.0 (rev 463d00f318),rust/memchr/memmem/wasm32,2.8.3,,613427,29564,4.56s,100.87us,380.00ns,101.34us,1.36us,99.96us,171.68us
memmem/subtitles/common/huge-zh-one-space,count,0.1.0 (rev 463d00f318),rust/memchrold/memmem/oneshot,2.5.0,,613427,21036,4.50s,142.24us,130.00ns,142.58us,5.91us,140.10us,0.99ms
memmem/subtitles/common/huge-zh-one-space,count,0.1.0 (rev 463d00f318),rust/memchrold/memmem/prebuilt,2.5.0,,613427,46083,4.56s,64.97us,80.00ns,65.06us,417.00ns,64.50us,80.41us
memmem/subtitles/common/huge-zh-one-space,count,0.1.0 (rev 463d00f318),rust/std/memmem/oneshot,1.99.0-nightly 1a833e165,,613427,6255,4.50s,479.47us,1.06us,479.61us,1.59us,475.56us,500.39us
memmem/subtitles/common/huge-zh-one-space,count,0.1.0 (rev 463d00f318),rust/std/memmem/prebuilt,1.99.0-nightly 1a833e165,,613427,7767,4.50s,386.06us,1.31us,386.23us,1.90us,381.10us,413.80us
memmem/subtitles/common/huge-zh-one-space,count,0.1.0 (rev 463d00f318),stringzilla/memmem/oneshot,5.0.5,,613427,42844,4.56s,69.86us,50.00ns,69.98us,512.00ns,69.45us,87.31us
memmem/subtitles/never/huge-en-john-watson,count,0.1.0 (rev 463d00f318),libc/memmem/oneshot,unknown,,613345,127666,4.56s,22.49us,40.00ns,23.46us,2.69us,22.19us,40.48us
memmem/subtitles/never/huge-en-john-watson,count,0.1.0 (rev 463d00f318),rust/jetscii/memmem/oneshot,0.5.3,,613345,108215,4.56s,27.65us,20.00ns,27.68us,245.00ns,27.44us,43.25us
memmem/subtitles/never/huge-en-john-watson,count,0.1.0 (rev 463d00f318),rust/jetscii/memmem/prebuilt,0.5.3,,613345,108140,4.56s,27.65us,29.00ns,27.70us,2.33us,27.44us,780.77us
memmem/subtitles/never/huge-en-john-watson,count,0.1.0 (rev 463d00f318),rust/memchr/memmem/oneshot,2.8.3,,613345,532909,4.62s,5.27us,10.00ns,5.59us,665.00ns,5.22us,21.66us
memmem/subtitles/never/huge-en-john-watson,count,0.1.0 (rev 463d00f318),rust/memchr/memmem/prebuilt,2.8.3,,613345,532053,4.62s,5.27us,10.00ns,5.60us,0.95us,5.21us,495.25us
memmem/subtitles/never/huge-en-john-watson,count,0.1.0 (rev 463d00f318),rust/memchr/memmem/twoway,2.8.3,,613345,59738,4.56s,50.28us,1.17us,50.18us,1.68us,47.12us,87.85us
memmem/subtitles/never/huge-en-john-watson,count,0.1.0 (rev 463d00f318),rust/memchr/memmem/rabinkarp,2.8.3,,613345,12967,4.50s,233.74us,4.64us,231.33us,9.02us,217.29us,719.51us
memmem/subtitles/never/huge-en-john-watson,count,0.1.0 (rev 463d00f318),rust/memchr/memmem/shiftor,2.8.3,,613345,13664,4.50s,219.19us,130.00ns,219.53us,738.00ns,217.84us,234.71us
memmem/subtitles/never/huge-en-john-watson,count,0.1.0 (rev 463d00f318),rust/memchr/memmem/wasm32,2.8.3,,613345,140562,4.61s,21.13us,10.00ns,21.20us,581.00ns,20.92us,36.69us
memmem/subtitles/never/huge-en-john-watson,count,0.1.0 (rev 463d00f318),rust/memchrold/memmem/oneshot,2.5.0,,613345,556186,4.62s,5.28us,10.00ns,5.35us,335.00ns,5.23us,20.22us
memmem/subtitles/never/huge-en-john-watson,count,0.1.0 (rev 463d00f318),rust/memchrold/memmem/prebuilt,2.5.0,,613345,539224,4.62s,5.27us,10.00ns,5.52us,604.00ns,5.22us,19.96us
memmem/subtitles/never/huge-en-john-watson,count,0.1.0 (rev 463d00f318),rust/sliceslice/memmem/oneshot,0.4.3,,613345,521963,4.62s,5.57us,10.00ns,5.71us,456.00ns,5.52us,22.03us
memmem/subtitles/never/huge-en-john-watson,count,0.1.0 (rev 463d00f318),rust/sliceslice/memmem/prebuilt,0.4.3,,613345,515406,4.62s,5.59us,10.00ns,5.78us,527.00ns,5.54us,21.24us
memmem/subtitles/never/huge-en-john-watson,count,0.1.0 (rev 463d00f318),rust/std/memmem/oneshot,1.99.0-nightly 1a833e165,,613345,79027,4.56s,37.62us,390.00ns,37.92us,2.48us,36.84us,696.76us
memmem/subtitles/never/huge-en-john-watson,count,0.1.0 (rev 463d00f318),rust/std/memmem/prebuilt,1.99.0-nightly 1a833e165,,613345,77474,4.56s,38.50us,470.00ns,38.68us,803.00ns,37.37us,59.09us
memmem/subtitles/never/huge-en-john-watson,count,0.1.0 (rev 463d00f318),stringzilla/memmem/oneshot,5.0.5,,613345,503532,4.62s,5.91us,0.00ns,5.92us,1.02us,5.80us,727.60us
memmem/subtitles/never/huge-en-all-common-bytes,count,0.1.0 (rev 463d00f318),libc/memmem/oneshot,unknown,,613345,107498,4.56s,27.19us,40.00ns,27.87us,3.01us,26.86us,47.09us
memmem/subtitles/never/huge-en-all-common-bytes,count,0.1.0 (rev 463d00f318),rust/jetscii/memmem/oneshot,0.5.3,,613345,94054,4.56s,31.80us,30.00ns,31.85us,3.12us,31.58us,0.98ms
memmem/subtitles/never/huge-en-all-common-bytes,count,0.1.0 (rev 463d00f318),rust/jetscii/memmem/prebuilt,0.5.3,,613345,94104,4.56s,31.79us,40.00ns,31.84us,285.00ns,31.57us,47.03us
memmem/subtitles/never/huge-en-all-common-bytes,count,0.1.0 (rev 463d00f318),rust/memchr/memmem/oneshot,2.8.3,,613345,385827,4.61s,7.66us,30.00ns,7.73us,1.44us,7.52us,891.86us
memmem/subtitles/never/huge-en-all-common-bytes,count,0.1.0 (rev 463d00f318),rust/memchr/memmem/prebuilt,2.8.3,,613345,398711,4.61s,7.40us,30.00ns,7.48us,221.00ns,7.30us,22.27us
memmem/subtitles/never/huge-en-all-common-bytes,count,0.1.0 (rev 463d00f318),rust/memchr/memmem/twoway,2.8.3,,613345,96532,4.56s,30.92us,50.00ns,31.03us,371.00ns,30.68us,47.01us
memmem/subtitles/never/huge-en-all-common-bytes,count,0.1.0 (rev 463d00f318),rust/memchr/memmem/rabinkarp,2.8.3,,613345,12689,4.50s,235.01us,1.94us,236.40us,2.82us,217.52us,251.47us
memmem/subtitles/never/huge-en-all-common-bytes,count,0.1.0 (rev 463d00f318),rust/memchr/memmem/shiftor,2.8.3,,613345,13694,4.50s,219.06us,570.00ns,219.05us,5.50us,217.24us,849.04us
memmem/subtitles/never/huge-en-all-common-bytes,count,0.1.0 (rev 463d00f318),rust/memchr/memmem/wasm32,2.8.3,,613345,117376,4.56s,24.68us,81.00ns,25.42us,1.56us,24.32us,40.05us
memmem/subtitles/never/huge-en-all-common-bytes,count,0.1.0 (rev 463d00f318),rust/memchrold/memmem/oneshot,2.5.0,,613345,407554,4.61s,7.28us,20.00ns,7.32us,180.00ns,7.12us,24.95us
memmem/subtitles/never/huge-en-all-common-bytes,count,0.1.0 (rev 463d00f318),rust/memchrold/memmem/prebuilt,2.5.0,,613345,393746,4.61s,7.65us,30.00ns,7.58us,1.41us,7.21us,883.20us
memmem/subtitles/never/huge-en-all-common-bytes,count,0.1.0 (rev 463d00f318),rust/sliceslice/memmem/oneshot,0.4.3,,613345,490869,4.62s,6.02us,10.00ns,6.07us,285.00ns,5.94us,21.16us
memmem/subtitles/never/huge-en-all-common-bytes,count,0.1.0 (rev 463d00f318),rust/sliceslice/memmem/prebuilt,0.4.3,,613345,493806,4.62s,5.99us,10.00ns,6.03us,1.08us,5.91us,739.66us
memmem/subtitles/never/huge-en-all-common-bytes,count,0.1.0 (rev 463d00f318),rust/std/memmem/oneshot,1.99.0-nightly 1a833e165,,613345,108707,4.56s,27.30us,40.00ns,27.56us,828.00ns,27.06us,43.03us
memmem/subtitles/never/huge-en-all-common-bytes,count,0.1.0 (rev 463d00f318),rust/std/memmem/prebuilt,1.99.0-nightly 1a833e165,,613345,107687,4.56s,27.37us,60.00ns,27.82us,2.00us,26.90us,548.74us
memmem/subtitles/never/huge-en-all-common-bytes,count,0.1.0 (rev 463d00f318),stringzilla/memmem/oneshot,5.0.5,,613345,486250,4.61s,6.11us,10.00ns,6.13us,112.00ns,6.05us,23.13us
memmem/subtitles/never/huge-en-some-rare-bytes,count,0.1.0 (rev 463d00f318),libc/memmem/oneshot,unknown,,613345,76196,4.56s,38.04us,90.00ns,39.33us,5.81us,37.38us,76.39us
memmem/subtitles/never/huge-en-some-rare-bytes,count,0.1.0 (rev 463d00f318),rust/jetscii/memmem/oneshot,0.5.3,,613345,108046,4.56s,27.69us,30.00ns,27.72us,251.00ns,27.52us,43.01us
memmem/subtitles/never/huge-en-some-rare-bytes,count,0.1.0 (rev 463d00f318),rust/jetscii/memmem/prebuilt,0.5.3,,613345,108080,4.56s,27.67us,30.00ns,27.72us,245.00ns,27.52us,42.85us
memmem/subtitles/never/huge-en-some-rare-bytes,count,0.1.0 (rev 463d00f318),rust/memchr/memmem/oneshot,2.8.3,,613345,530447,4.62s,5.27us,10.00ns,5.62us,688.00ns,5.21us,23.12us
memmem/subtitles/never/huge-en-some-rare-bytes,count,0.1.0 (rev 463d00f318),rust/memchr/memmem/prebuilt,2.8.3,,613345,533916,4.62s,5.26us,10.00ns,5.58us,666.00ns,5.21us,20.60us
memmem/subtitles/never/huge-en-some-rare-bytes,count,0.1.0 (rev 463d00f318),rust/memchr/memmem/twoway,2.8.3,,613345,77583,4.56s,38.54us,40.00ns,38.63us,1.89us,38.17us,547.12us
memmem/subtitles/never/huge-en-some-rare-bytes,count,0.1.0 (rev 463d00f318),rust/memchr/memmem/rabinkarp,2.8.3,,613345,12716,4.50s,235.34us,1.84us,235.89us,5.35us,217.72us,328.03us
memmem/subtitles/never/huge-en-some-rare-bytes,count,0.1.0 (rev 463d00f318),rust/memchr/memmem/shiftor,2.8.3,,613345,13667,4.50s,219.14us,130.00ns,219.48us,4.04us,217.54us,677.28us
memmem/subtitles/never/huge-en-some-rare-bytes,count,0.1.0 (rev 463d00f318),rust/memchr/memmem/wasm32,2.8.3,,613345,140457,4.61s,21.16us,10.00ns,21.22us,492.00ns,20.95us,32.95us
memmem/subtitles/never/huge-en-some-rare-bytes,count,0.1.0 (rev 463d00f318),rust/memchrold/memmem/oneshot,2.5.0,,613345,554155,4.62s,5.26us,10.00ns,5.37us,803.00ns,5.20us,511.91us
memmem/subtitles/never/huge-en-some-rare-bytes,count,0.1.0 (rev 463d00f318),rust/memchrold/memmem/prebuilt,2.5.0,,613345,540958,4.62s,5.26us,10.00ns,5.51us,601.00ns,5.20us,20.48us
memmem/subtitles/never/huge-en-some-rare-bytes,count,0.1.0 (rev 463d00f318),rust/sliceslice/memmem/oneshot,0.4.3,,613345,551173,4.62s,5.33us,10.00ns,5.40us,877.00ns,5.28us,603.88us
memmem/subtitles/never/huge-en-some-rare-bytes,count,0.1.0 (rev 463d00f318),rust/sliceslice/memmem/prebuilt,0.4.3,,613345,552550,4.62s,5.32us,0.00ns,5.38us,310.00ns,5.28us,20.76us
memmem/subtitles/never/huge-en-some-rare-bytes,count,0.1.0 (rev 463d00f318),rust/std/memmem/oneshot,1.99.0-nightly 1a833e165,,613345,88340,4.56s,33.23us,40.00ns,33.92us,2.21us,32.84us,53.63us
memmem/subtitles/never/huge-en-some-rare-bytes,count,0.1.0 (rev 463d00f318),rust/std/memmem/prebuilt,1.99.0-nightly 1a833e165,,613345,88208,4.56s,33.28us,40.00ns,33.97us,2.20us,32.94us,74.37us
memmem/subtitles/never/huge-en-some-rare-bytes,count,0.1.0 (rev 463d00f318),stringzilla/memmem/oneshot,5.0.5,,613345,504303,4.62s,5.90us,10.00ns,5.91us,113.00ns,5.83us,23.96us
memmem/subtitles/never/huge-en-two-space,count,0.1.0 (rev 463d00f318),libc/memmem/oneshot,unknown,,613345,13776,4.50s,217.43us,30.00ns,217.73us,651.00ns,216.86us,231.74us
memmem/subtitles/never/huge-en-two-space,count,0.1.0 (rev 463d00f318),rust/jetscii/memmem/oneshot,0.5.3,,613345,80114,4.56s,37.34us,49.00ns,37.41us,317.00ns,37.09us,52.55us
memmem/subtitles/never/huge-en-two-space,count,0.1.0 (rev 463d00f318),rust/jetscii/memmem/prebuilt,0.5.3,,613345,80154,4.56s,37.32us,40.00ns,37.39us,2.34us,37.02us,693.71us
memmem/subtitles/never/huge-en-two-space,count,0.1.0 (rev 463d00f318),rust/memchr/memmem/oneshot,2.8.3,,613345,529029,4.62s,5.34us,10.00ns,5.63us,653.00ns,5.28us,32.61us
memmem/subtitles/never/huge-en-two-space,count,0.1.0 (rev 463d00f318),rust/memchr/memmem/prebuilt,2.8.3,,613345,526683,4.62s,5.32us,10.00ns,5.66us,1.33us,5.26us,832.81us
memmem/subtitles/never/huge-en-two-space,count,0.1.0 (rev 463d00f318),rust/memchr/memmem/twoway,2.8.3,,613345,17918,4.50s,164.89us,1.01us,167.39us,3.71us,162.96us,186.59us
memmem/subtitles/never/huge-en-two-space,count,0.1.0 (rev 463d00f318),rust/memchr/memmem/rabinkarp,2.8.3,,613345,12474,4.50s,241.38us,1.68us,240.47us,7.50us,223.25us,0.96ms
memmem/subtitles/never/huge-en-two-space,count,0.1.0 (rev 463d00f318),rust/memchr/memmem/shiftor,2.8.3,,613345,13653,4.50s,219.57us,400.00ns,219.69us,674.00ns,218.26us,234.51us
memmem/subtitles/never/huge-en-two-space,count,0.1.0 (rev 463d00f318),rust/memchr/memmem/wasm32,2.8.3,,613345,208868,4.61s,14.16us,20.00ns,14.22us,456.00ns,13.97us,34.86us
memmem/subtitles/never/huge-en-two-space,count,0.1.0 (rev 463d00f318),rust/memchrold/memmem/oneshot,2.5.0,,613345,540118,4.62s,5.28us,10.00ns,5.51us,588.00ns,5.22us,20.38us
memmem/subtitles/never/huge-en-two-space,count,0.1.0 (rev 463d00f318),rust/memchrold/memmem/prebuilt,2.5.0,,613345,540780,4.62s,5.27us,10.00ns,5.51us,590.00ns,5.21us,20.89us
memmem/subtitles/never/huge-en-two-space,count,0.1.0 (rev 463d00f318),rust/sliceslice/memmem/oneshot,0.4.3,,613345,542047,4.62s,5.33us,10.00ns,5.49us,481.00ns,5.28us,21.07us
memmem/subtitles/never/huge-en-two-space,count,0.1.0 (rev 463d00f318),rust/sliceslice/memmem/prebuilt,0.4.3,,613345,544312,4.62s,5.31us,10.00ns,5.47us,480.00ns,5.28us,21.81us
memmem/subtitles/never/huge-en-two-space,count,0.1.0 (rev 463d00f318),rust/std/memmem/oneshot,1.99.0-nightly 1a833e165,,613345,19382,4.50s,154.44us,1.26us,154.74us,4.62us,151.79us,726.02us
memmem/subtitles/never/huge-en-two-space,count,0.1.0 (rev 463d00f318),rust/std/memmem/prebuilt,1.99.0-nightly 1a833e165,,613345,19940,4.50s,150.68us,620.00ns,150.41us,2.22us,141.52us,166.46us
memmem/subtitles/never/huge-en-two-space,count,0.1.0 (rev 463d00f318),stringzilla/memmem/oneshot,5.0.5,,613345,455356,4.61s,6.98us,780.00ns,6.55us,1.30us,5.95us,805.18us
memmem/subtitles/never/teeny-en-john-watson,count,0.1.0 (rev 463d00f318),libc/memmem/oneshot,unknown,,28,1000000,270.01ms,20.00ns,0.00ns,20.00ns,10.00ns,10.00ns,6.34us
memmem/subtitles/never/teeny-en-john-watson,count,0.1.0 (rev 463d00f318),rust/jetscii/memmem/oneshot,0.5.3,,28,1000000,320.45ms,30.00ns,0.00ns,28.00ns,9.00ns,20.00ns,4.43us
memmem/subtitles/never/teeny-en-john-watson,count,0.1.0 (rev 463d00f318),rust/jetscii/memmem/prebuilt,0.5.3,,28,1000000,270.38ms,20.00ns,0.00ns,23.00ns,9.00ns,20.00ns,2.17us
memmem/subtitles/never/teeny-en-john-watson,count,0.1.0 (rev 463d00f318),rust/memchr/memmem/oneshot,2.8.3,,28,1000000,270.11ms,20.00ns,0.00ns,23.00ns,9.00ns,20.00ns,3.16us
memmem/subtitles/never/teeny-en-john-watson,count,0.1.0 (rev 463d00f318),rust/memchr/memmem/prebuilt,2.8.3,,28,1000000,269.92ms,20.00ns,0.00ns,19.00ns,7.00ns,10.00ns,1.64us
memmem/subtitles/never/teeny-en-john-watson,count,0.1.0 (rev 463d00f318),rust/memchr/memmem/twoway,2.8.3,,28,1000000,270.12ms,20.00ns,0.00ns,18.00ns,7.00ns,10.00ns,2.51us
memmem/subtitles/never/teeny-en-john-watson,count,0.1.0 (rev 463d00f318),rust/memchr/memmem/rabinkarp,2.8.3,,28,1000000,270.27ms,20.00ns,0.00ns,20.00ns,7.00ns,20.00ns,1.98us
memmem/subtitles/never/teeny-en-john-watson,count,0.1.0 (rev 463d00f318),rust/memchr/memmem/shiftor,2.8.3,,28,1000000,269.88ms,20.00ns,0.00ns,22.00ns,8.00ns,20.00ns,3.58us
memmem/subtitles/never/teeny-en-john-watson,count,0.1.0 (rev 463d00f318),rust/memchr/memmem/wasm32,2.8.3,,28,1000000,720.36ms,70.00ns,0.00ns,69.00ns,11.00ns,60.00ns,2.36us
memmem/subtitles/never/teeny-en-john-watson,count,0.1.0 (rev 463d00f318),rust/memchrold/memmem/oneshot,2.5.0,,28,1000000,269.99ms,20.00ns,0.00ns,23.00ns,7.00ns,20.00ns,2.27us
memmem/subtitles/never/teeny-en-john-watson,count,0.1.0 (rev 463d00f318),rust/memchrold/memmem/prebuilt,2.5.0,,28,1000000,270.33ms,20.00ns,0.00ns,20.00ns,8.00ns,10.00ns,2.61us
memmem/subtitles/never/teeny-en-john-watson,count,0.1.0 (rev 463d00f318),rust/sliceslice/memmem/oneshot,0.4.3,,28,1000000,270.25ms,20.00ns,0.00ns,21.00ns,7.00ns,20.00ns,2.03us
memmem/subtitles/never/teeny-en-john-watson,count,0.1.0 (rev 463d00f318),rust/sliceslice/memmem/prebuilt,0.4.3,,28,1000000,271.41ms,20.00ns,0.00ns,17.00ns,8.00ns,10.00ns,2.22us
memmem/subtitles/never/teeny-en-john-watson,count,0.1.0 (rev 463d00f318),rust/std/memmem/oneshot,1.99.0-nightly 1a833e165,,28,1000000,270.16ms,30.00ns,0.00ns,26.00ns,17.00ns,20.00ns,13.74us
memmem/subtitles/never/teeny-en-john-watson,count,0.1.0 (rev 463d00f318),rust/std/memmem/prebuilt,1.99.0-nightly 1a833e165,,28,1000000,270.01ms,30.00ns,0.00ns,26.00ns,10.00ns,20.00ns,4.90us
memmem/subtitles/never/teeny-en-john-watson,count,0.1.0 (rev 463d00f318),stringzilla/memmem/oneshot,5.0.5,,28,1000000,269.96ms,20.00ns,0.00ns,18.00ns,7.00ns,10.00ns,2.62us
memmem/subtitles/never/teeny-en-all-common-bytes,count,0.1.0 (rev 463d00f318),libc/memmem/oneshot,unknown,,28,1000000,270.20ms,20.00ns,0.00ns,20.00ns,11.00ns,10.00ns,7.02us
memmem/subtitles/never/teeny-en-all-common-bytes,count,0.1.0 (rev 463d00f318),rust/jetscii/memmem/oneshot,0.5.3,,28,1000000,270.02ms,30.00ns,0.00ns,28.00ns,9.00ns,20.00ns,3.08us
memmem/subtitles/never/teeny-en-all-common-bytes,count,0.1.0 (rev 463d00f318),rust/jetscii/memmem/prebuilt,0.5.3,,28,1000000,269.98ms,20.00ns,0.00ns,23.00ns,10.00ns,20.00ns,4.14us
memmem/subtitles/never/teeny-en-all-common-bytes,count,0.1.0 (rev 463d00f318),rust/memchr/memmem/oneshot,2.8.3,,28,1000000,270.31ms,20.00ns,0.00ns,22.00ns,12.00ns,20.00ns,9.45us
memmem/subtitles/never/teeny-en-all-common-bytes,count,0.1.0 (rev 463d00f318),rust/memchr/memmem/prebuilt,2.8.3,,28,1000000,270.46ms,20.00ns,0.00ns,19.00ns,7.00ns,10.00ns,1.88us
memmem/subtitles/never/teeny-en-all-common-bytes,count,0.1.0 (rev 463d00f318),rust/memchr/memmem/twoway,2.8.3,,28,1000000,270.18ms,20.00ns,0.00ns,18.00ns,9.00ns,10.00ns,2.95us
memmem/subtitles/never/teeny-en-all-common-bytes,count,0.1.0 (rev 463d00f318),rust/memchr/memmem/rabinkarp,2.8.3,,28,1000000,270.37ms,20.00ns,0.00ns,21.00ns,7.00ns,20.00ns,1.85us
memmem/subtitles/never/teeny-en-all-common-bytes,count,0.1.0 (rev 463d00f318),rust/memchr/memmem/shiftor,2.8.3,,28,1000000,270.27ms,20.00ns,0.00ns,21.00ns,7.00ns,20.00ns,2.26us
memmem/subtitles/never/teeny-en-all-common-bytes,count,0.1.0 (rev 463d00f318),rust/memchr/memmem/wasm32,2.8.3,,28,1000000,770.36ms,70.00ns,0.00ns,69.00ns,12.00ns,60.00ns,2.28us
memmem/subtitles/never/teeny-en-all-common-bytes,count,0.1.0 (rev 463d00f318),rust/memchrold/memmem/oneshot,2.5.0,,28,1000000,270.00ms,20.00ns,0.00ns,24.00ns,11.00ns,20.00ns,4.41us
memmem/subtitles/never/teeny-en-all-common-bytes,count,0.1.0 (rev 463d00f318),rust/memchrold/memmem/prebuilt,2.5.0,,28,1000000,269.90ms,20.00ns,0.00ns,20.00ns,7.00ns,10.00ns,2.26us
memmem/subtitles/never/teeny-en-all-common-bytes,count,0.1.0 (rev 463d00f318),rust/sliceslice/memmem/oneshot,0.4.3,,28,1000000,270.05ms,20.00ns,0.00ns,18.00ns,16.00ns,10.00ns,14.53us
memmem/subtitles/never/teeny-en-all-common-bytes,count,0.1.0 (rev 463d00f318),rust/sliceslice/memmem/prebuilt,0.4.3,,28,1000000,270.29ms,20.00ns,0.00ns,17.00ns,15.00ns,10.00ns,12.13us
memmem/subtitles/never/teeny-en-all-common-bytes,count,0.1.0 (rev 463d00f318),rust/std/memmem/oneshot,1.99.0-nightly 1a833e165,,28,1000000,270.17ms,30.00ns,0.00ns,25.00ns,9.00ns,20.00ns,2.33us
memmem/subtitles/never/teeny-en-all-common-bytes,count,0.1.0 (rev 463d00f318),rust/std/memmem/prebuilt,1.99.0-nightly 1a833e165,,28,1000000,270.08ms,30.00ns,0.00ns,25.00ns,10.00ns,20.00ns,2.98us
memmem/subtitles/never/teeny-en-all-common-bytes,count,0.1.0 (rev 463d00f318),stringzilla/memmem/oneshot,5.0.5,,28,1000000,320.53ms,20.00ns,0.00ns,19.00ns,7.00ns,10.00ns,1.78us
memmem/subtitles/never/teeny-en-some-rare-bytes,count,0.1.0 (rev 463d00f318),libc/memmem/oneshot,unknown,,28,1000000,270.24ms,20.00ns,0.00ns,20.00ns,16.00ns,10.00ns,14.35us
memmem/subtitles/never/teeny-en-some-rare-bytes,count,0.1.0 (rev 463d00f318),rust/jetscii/memmem/oneshot,0.5.3,,28,1000000,269.92ms,30.00ns,0.00ns,28.00ns,7.00ns,20.00ns,1.62us
memmem/subtitles/never/teeny-en-some-rare-bytes,count,0.1.0 (rev 463d00f318),rust/jetscii/memmem/prebuilt,0.5.3,,28,1000000,270.22ms,20.00ns,0.00ns,23.00ns,9.00ns,20.00ns,2.54us
memmem/subtitles/never/teeny-en-some-rare-bytes,count,0.1.0 (rev 463d00f318),rust/memchr/memmem/oneshot,2.8.3,,28,1000000,269.95ms,20.00ns,0.00ns,23.00ns,8.00ns,20.00ns,2.21us
memmem/subtitles/never/teeny-en-some-rare-bytes,count,0.1.0 (rev 463d00f318),rust/memchr/memmem/prebuilt,2.8.3,,28,1000000,270.27ms,20.00ns,0.00ns,19.00ns,8.00ns,10.00ns,5.22us
memmem/subtitles/never/teeny-en-some-rare-bytes,count,0.1.0 (rev 463d00f318),rust/memchr/memmem/twoway,2.8.3,,28,1000000,270.32ms,20.00ns,0.00ns,18.00ns,29.00ns,10.00ns,27.96us
memmem/subtitles/never/teeny-en-some-rare-bytes,count,0.1.0 (rev 463d00f318),rust/memchr/memmem/rabinkarp,2.8.3,,28,1000000,320.38ms,20.00ns,0.00ns,21.00ns,8.00ns,20.00ns,2.84us
memmem/subtitles/never/teeny-en-some-rare-bytes,count,0.1.0 (rev 463d00f318),rust/memchr/memmem/shiftor,2.8.3,,28,1000000,270.50ms,20.00ns,0.00ns,21.00ns,8.00ns,20.00ns,1.94us
memmem/subtitles/never/teeny-en-some-rare-bytes,count,0.1.0 (rev 463d00f318),rust/memchr/memmem/wasm32,2.8.3,,28,1000000,770.54ms,70.00ns,0.00ns,69.00ns,11.00ns,60.00ns,1.60us
memmem/subtitles/never/teeny-en-some-rare-bytes,count,0.1.0 (rev 463d00f318),rust/memchrold/memmem/oneshot,2.5.0,,28,1000000,270.02ms,20.00ns,0.00ns,23.00ns,8.00ns,20.00ns,1.99us
memmem/subtitles/never/teeny-en-some-rare-bytes,count,0.1.0 (rev 463d00f318),rust/memchrold/memmem/prebuilt,2.5.0,,28,1000000,270.12ms,20.00ns,0.00ns,20.00ns,7.00ns,10.00ns,2.62us
memmem/subtitles/never/teeny-en-some-rare-bytes,count,0.1.0 (rev 463d00f318),rust/sliceslice/memmem/oneshot,0.4.3,,28,1000000,270.32ms,20.00ns,0.00ns,18.00ns,8.00ns,10.00ns,1.74us
memmem/subtitles/never/teeny-en-some-rare-bytes,count,0.1.0 (rev 463d00f318),rust/sliceslice/memmem/prebuilt,0.4.3,,28,1000000,270.31ms,20.00ns,0.00ns,17.00ns,7.00ns,10.00ns,1.86us
memmem/subtitles/never/teeny-en-some-rare-bytes,count,0.1.0 (rev 463d00f318),rust/std/memmem/oneshot,1.99.0-nightly 1a833e165,,28,1000000,269.97ms,20.00ns,0.00ns,23.00ns,8.00ns,20.00ns,2.79us
memmem/subtitles/never/teeny-en-some-rare-bytes,count,0.1.0 (rev 463d00f318),rust/std/memmem/prebuilt,1.99.0-nightly 1a833e165,,28,1000000,270.49ms,20.00ns,0.00ns,24.00ns,21.00ns,20.00ns,19.52us
memmem/subtitles/never/teeny-en-some-rare-bytes,count,0.1.0 (rev 463d00f318),stringzilla/memmem/oneshot,5.0.5,,28,1000000,320.53ms,20.00ns,0.00ns,19.00ns,57.00ns,10.00ns,53.13us
memmem/subtitles/never/teeny-en-two-space,count,0.1.0 (rev 463d00f318),libc/memmem/oneshot,unknown,,28,1000000,270.81ms,20.00ns,0.00ns,21.00ns,8.00ns,20.00ns,2.73us
memmem/subtitles/never/teeny-en-two-space,count,0.1.0 (rev 463d00f318),rust/jetscii/memmem/oneshot,0.5.3,,28,1000000,270.19ms,30.00ns,0.00ns,28.00ns,9.00ns,20.00ns,2.24us
memmem/subtitles/never/teeny-en-two-space,count,0.1.0 (rev 463d00f318),rust/jetscii/memmem/prebuilt,0.5.3,,28,1000000,270.42ms,20.00ns,0.00ns,23.00ns,20.00ns,20.00ns,18.23us
memmem/subtitles/never/teeny-en-two-space,count,0.1.0 (rev 463d00f318),rust/memchr/memmem/oneshot,2.8.3,,28,1000000,270.39ms,20.00ns,0.00ns,22.00ns,8.00ns,20.00ns,2.40us
memmem/subtitles/never/teeny-en-two-space,count,0.1.0 (rev 463d00f318),rust/memchr/memmem/prebuilt,2.8.3,,28,1000000,270.48ms,20.00ns,0.00ns,19.00ns,7.00ns,10.00ns,2.02us
memmem/subtitles/never/teeny-en-two-space,count,0.1.0 (rev 463d00f318),rust/memchr/memmem/twoway,2.8.3,,28,1000000,270.45ms,20.00ns,0.00ns,21.00ns,7.00ns,20.00ns,1.78us
memmem/subtitles/never/teeny-en-two-space,count,0.1.0 (rev 463d00f318),rust/memchr/memmem/rabinkarp,2.8.3,,28,1000000,270.34ms,20.00ns,0.00ns,21.00ns,7.00ns,20.00ns,1.86us
memmem/subtitles/never/teeny-en-two-space,count,0.1.0 (rev 463d00f318),rust/memchr/memmem/shiftor,2.8.3,,28,1000000,270.41ms,20.00ns,0.00ns,21.00ns,9.00ns,20.00ns,3.13us
memmem/subtitles/never/teeny-en-two-space,count,0.1.0 (rev 463d00f318),rust/memchr/memmem/wasm32,2.8.3,,28,1000000,720.38ms,70.00ns,0.00ns,69.00ns,11.00ns,60.00ns,1.85us
memmem/subtitles/never/teeny-en-two-space,count,0.1.0 (rev 463d00f318),rust/memchrold/memmem/oneshot,2.5.0,,28,1000000,270.10ms,30.00ns,0.00ns,26.00ns,9.00ns,20.00ns,2.67us
memmem/subtitles/never/teeny-en-two-space,count,0.1.0 (rev 463d00f318),rust/memchrold/memmem/prebuilt,2.5.0,,28,1000000,270.42ms,20.00ns,0.00ns,20.00ns,7.00ns,10.00ns,2.53us
memmem/subtitles/never/teeny-en-two-space,count,0.1.0 (rev 463d00f318),rust/sliceslice/memmem/oneshot,0.4.3,,28,1000000,270.19ms,20.00ns,0.00ns,18.00ns,9.00ns,10.00ns,3.98us
memmem/subtitles/never/teeny-en-two-space,count,0.1.0 (rev 463d00f318),rust/sliceslice/memmem/prebuilt,0.4.3,,28,1000000,270.45ms,20.00ns,0.00ns,17.00ns,7.00ns,10.00ns,1.88us
memmem/subtitles/never/teeny-en-two-space,count,0.1.0 (rev 463d00f318),rust/std/memmem/oneshot,1.99.0-nightly 1a833e165,,28,1000000,269.87ms,30.00ns,0.00ns,26.00ns,7.00ns,20.00ns,2.08us
memmem/subtitles/never/teeny-en-two-space,count,0.1.0 (rev 463d00f318),rust/std/memmem/prebuilt,1.99.0-nightly 1a833e165,,28,1000000,269.92ms,30.00ns,0.00ns,27.00ns,10.00ns,20.00ns,3.78us
memmem/subtitles/never/teeny-en-two-space,count,0.1.0 (rev 463d00f318),stringzilla/memmem/oneshot,5.0.5,,28,1000000,320.59ms,20.00ns,0.00ns,18.00ns,9.00ns,10.00ns,2.93us
memmem/subtitles/never/huge-ru-john-watson,count,0.1.0 (rev 463d00f318),libc/memmem/oneshot,unknown,,613402,78290,4.56s,38.21us,10.00ns,38.28us,569.00ns,38.02us,137.01us
memmem/subtitles/never/huge-ru-john-watson,count,0.1.0 (rev 463d00f318),rust/jetscii/memmem/oneshot,0.5.3,,613402,50394,4.56s,58.26us,590.00ns,59.49us,4.53us,56.96us,695.23us
memmem/subtitles/never/huge-ru-john-watson,count,0.1.0 (rev 463d00f318),rust/jetscii/memmem/prebuilt,0.5.3,,613402,55868,4.56s,53.62us,200.00ns,53.65us,484.00ns,52.68us,69.35us
memmem/subtitles/never/huge-ru-john-watson,count,0.1.0 (rev 463d00f318),rust/memchr/memmem/oneshot,2.8.3,,613402,535097,4.62s,5.29us,10.00ns,5.57us,628.00ns,5.24us,20.73us
memmem/subtitles/never/huge-ru-john-watson,count,0.1.0 (rev 463d00f318),rust/memchr/memmem/prebuilt,2.8.3,,613402,530052,4.62s,5.26us,10.00ns,5.62us,695.00ns,5.21us,21.97us
memmem/subtitles/never/huge-ru-john-watson,count,0.1.0 (rev 463d00f318),rust/memchr/memmem/twoway,2.8.3,,613402,18020,4.50s,166.49us,3.23us,166.44us,3.78us,159.59us,198.58us
memmem/subtitles/never/huge-ru-john-watson,count,0.1.0 (rev 463d00f318),rust/memchr/memmem/rabinkarp,2.8.3,,613402,13708,4.50s,218.15us,390.00ns,218.81us,2.77us,216.90us,326.51us
memmem/subtitles/never/huge-ru-john-watson,count,0.1.0 (rev 463d00f318),rust/memchr/memmem/wasm32,2.8.3,,613402,141047,4.61s,21.21us,10.00ns,21.12us,909.00ns,16.98us,36.54us
memmem/subtitles/never/huge-ru-john-watson,count,0.1.0 (rev 463d00f318),rust/memchrold/memmem/oneshot,2.5.0,,613402,553323,4.62s,5.28us,0.00ns,5.38us,844.00ns,5.21us,561.18us
memmem/subtitles/never/huge-ru-john-watson,count,0.1.0 (rev 463d00f318),rust/memchrold/memmem/prebuilt,2.5.0,,613402,543863,4.62s,5.27us,10.00ns,5.48us,556.00ns,5.22us,21.45us
memmem/subtitles/never/huge-ru-john-watson,count,0.1.0 (rev 463d00f318),rust/sliceslice/memmem/oneshot,0.4.3,,613402,229345,4.56s,13.01us,40.00ns,13.04us,1.28us,12.84us,617.41us
memmem/subtitles/never/huge-ru-john-watson,count,0.1.0 (rev 463d00f318),rust/sliceslice/memmem/prebuilt,0.4.3,,613402,229024,4.56s,13.02us,50.00ns,13.06us,206.00ns,12.88us,28.00us
memmem/subtitles/never/huge-ru-john-watson,count,0.1.0 (rev 463d00f318),rust/std/memmem/oneshot,1.99.0-nightly 1a833e165,,613402,19190,4.56s,155.12us,1.81us,156.29us,6.26us,149.35us,775.14us
memmem/subtitles/never/huge-ru-john-watson,count,0.1.0 (rev 463d00f318),rust/std/memmem/prebuilt,1.99.0-nightly 1a833e165,,613402,17930,4.56s,166.93us,7.60us,167.28us,11.97us,148.35us,217.72us
memmem/subtitles/never/huge-ru-john-watson,count,0.1.0 (rev 463d00f318),stringzilla/memmem/oneshot,5.0.5,,613402,492403,4.61s,6.04us,10.00ns,6.05us,132.00ns,5.96us,22.34us
memmem/subtitles/never/teeny-ru-john-watson,count,0.1.0 (rev 463d00f318),libc/memmem/oneshot,unknown,,42,1000000,270.44ms,20.00ns,0.00ns,22.00ns,8.00ns,20.00ns,2.07us
memmem/subtitles/never/teeny-ru-john-watson,count,0.1.0 (rev 463d00f318),rust/jetscii/memmem/oneshot,0.5.3,,42,1000000,270.56ms,20.00ns,0.00ns,25.00ns,18.00ns,20.00ns,14.68us
memmem/subtitles/never/teeny-ru-john-watson,count,0.1.0 (rev 463d00f318),rust/jetscii/memmem/prebuilt,0.5.3,,42,1000000,270.14ms,20.00ns,0.00ns,24.00ns,17.00ns,20.00ns,14.06us
memmem/subtitles/never/teeny-ru-john-watson,count,0.1.0 (rev 463d00f318),rust/memchr/memmem/oneshot,2.8.3,,42,1000000,270.28ms,30.00ns,0.00ns,26.00ns,10.00ns,20.00ns,2.64us
memmem/subtitles/never/teeny-ru-john-watson,count,0.1.0 (rev 463d00f318),rust/memchr/memmem/prebuilt,2.8.3,,42,1000000,270.39ms,20.00ns,0.00ns,19.00ns,8.00ns,10.00ns,2.77us
memmem/subtitles/never/teeny-ru-john-watson,count,0.1.0 (rev 463d00f318),rust/memchr/memmem/twoway,2.8.3,,42,1000000,270.38ms,20.00ns,0.00ns,17.00ns,8.00ns,10.00ns,3.12us
memmem/subtitles/never/teeny-ru-john-watson,count,0.1.0 (rev 463d00f318),rust/memchr/memmem/rabinkarp,2.8.3,,42,1000000,270.16ms,20.00ns,0.00ns,22.00ns,17.00ns,20.00ns,15.11us
memmem/subtitles/never/teeny-ru-john-watson,count,0.1.0 (rev 463d00f318),rust/memchr/memmem/wasm32,2.8.3,,42,1000000,770.67ms,70.00ns,0.00ns,69.00ns,15.00ns,60.00ns,10.25us
memmem/subtitles/never/teeny-ru-john-watson,count,0.1.0 (rev 463d00f318),rust/memchrold/memmem/oneshot,2.5.0,,42,1000000,270.16ms,30.00ns,0.00ns,27.00ns,10.00ns,20.00ns,2.60us
memmem/subtitles/never/teeny-ru-john-watson,count,0.1.0 (rev 463d00f318),rust/memchrold/memmem/prebuilt,2.5.0,,42,1000000,270.41ms,20.00ns,0.00ns,19.00ns,7.00ns,10.00ns,2.12us
memmem/subtitles/never/teeny-ru-john-watson,count,0.1.0 (rev 463d00f318),rust/sliceslice/memmem/oneshot,0.4.3,,42,1000000,270.06ms,20.00ns,0.00ns,18.00ns,18.00ns,10.00ns,16.03us
memmem/subtitles/never/teeny-ru-john-watson,count,0.1.0 (rev 463d00f318),rust/sliceslice/memmem/prebuilt,0.4.3,,42,1000000,270.20ms,20.00ns,0.00ns,17.00ns,9.00ns,10.00ns,3.55us
memmem/subtitles/never/teeny-ru-john-watson,count,0.1.0 (rev 463d00f318),rust/std/memmem/oneshot,1.99.0-nightly 1a833e165,,42,1000000,320.75ms,40.00ns,0.00ns,37.00ns,10.00ns,30.00ns,2.31us
memmem/subtitles/never/teeny-ru-john-watson,count,0.1.0 (rev 463d00f318),rust/std/memmem/prebuilt,1.99.0-nightly 1a833e165,,42,1000000,321.15ms,40.00ns,0.00ns,37.00ns,10.00ns,30.00ns,2.29us
memmem/subtitles/never/teeny-ru-john-watson,count,0.1.0 (rev 463d00f318),stringzilla/memmem/oneshot,5.0.5,,42,1000000,320.83ms,20.00ns,0.00ns,19.00ns,7.00ns,10.00ns,1.83us
memmem/subtitles/never/huge-zh-john-watson,count,0.1.0 (rev 463d00f318),libc/memmem/oneshot,unknown,,613427,173149,4.56s,17.06us,20.00ns,17.29us,1.18us,16.85us,56.40us
memmem/subtitles/never/huge-zh-john-watson,count,0.1.0 (rev 463d00f318),rust/jetscii/memmem/oneshot,0.5.3,,613427,93898,4.56s,31.86us,30.00ns,31.91us,275.00ns,31.65us,48.16us
memmem/subtitles/never/huge-zh-john-watson,count,0.1.0 (rev 463d00f318),rust/jetscii/memmem/prebuilt,0.5.3,,613427,93988,4.56s,31.82us,39.00ns,31.88us,334.00ns,31.58us,53.67us
memmem/subtitles/never/huge-zh-john-watson,count,0.1.0 (rev 463d00f318),rust/memchr/memmem/oneshot,2.8.3,,613427,397185,4.61s,7.49us,10.00ns,7.51us,1.36us,7.43us,858.80us
memmem/subtitles/never/huge-zh-john-watson,count,0.1.0 (rev 463d00f318),rust/memchr/memmem/prebuilt,2.8.3,,613427,398771,4.61s,7.47us,10.00ns,7.48us,127.00ns,7.36us,23.05us
memmem/subtitles/never/huge-zh-john-watson,count,0.1.0 (rev 463d00f318),rust/memchr/memmem/twoway,2.8.3,,613427,170027,4.56s,17.57us,20.00ns,17.60us,1.23us,17.36us,516.33us
memmem/subtitles/never/huge-zh-john-watson,count,0.1.0 (rev 463d00f318),rust/memchr/memmem/rabinkarp,2.8.3,,613427,12994,4.50s,230.51us,2.79us,230.85us,5.19us,217.25us,326.87us
memmem/subtitles/never/huge-zh-john-watson,count,0.1.0 (rev 463d00f318),rust/memchr/memmem/shiftor,2.8.3,,613427,13647,4.50s,219.59us,380.00ns,219.79us,4.84us,217.38us,771.42us
memmem/subtitles/never/huge-zh-john-watson,count,0.1.0 (rev 463d00f318),rust/memchr/memmem/wasm32,2.8.3,,613427,136879,4.61s,21.72us,20.00ns,21.77us,374.00ns,21.45us,38.38us
memmem/subtitles/never/huge-zh-john-watson,count,0.1.0 (rev 463d00f318),rust/memchrold/memmem/oneshot,2.5.0,,613427,398950,4.61s,7.47us,10.00ns,7.48us,879.00ns,7.37us,556.95us
memmem/subtitles/never/huge-zh-john-watson,count,0.1.0 (rev 463d00f318),rust/memchrold/memmem/prebuilt,2.5.0,,613427,398059,4.61s,7.48us,10.00ns,7.50us,123.00ns,7.41us,23.53us
memmem/subtitles/never/huge-zh-john-watson,count,0.1.0 (rev 463d00f318),rust/sliceslice/memmem/oneshot,0.4.3,,613427,480094,4.61s,6.19us,10.00ns,6.21us,182.00ns,6.10us,21.17us
memmem/subtitles/never/huge-zh-john-watson,count,0.1.0 (rev 463d00f318),rust/sliceslice/memmem/prebuilt,0.4.3,,613427,462584,4.61s,6.43us,10.00ns,6.44us,141.00ns,6.29us,21.34us
memmem/subtitles/never/huge-zh-john-watson,count,0.1.0 (rev 463d00f318),rust/std/memmem/oneshot,1.99.0-nightly 1a833e165,,613427,190733,4.56s,15.38us,60.00ns,15.69us,929.00ns,15.17us,45.21us
memmem/subtitles/never/huge-zh-john-watson,count,0.1.0 (rev 463d00f318),rust/std/memmem/prebuilt,1.99.0-nightly 1a833e165,,613427,191550,4.56s,15.33us,20.00ns,15.62us,921.00ns,15.16us,63.19us
memmem/subtitles/never/huge-zh-john-watson,count,0.1.0 (rev 463d00f318),stringzilla/memmem/oneshot,5.0.5,,613427,555389,4.62s,5.35us,0.00ns,5.36us,103.00ns,5.32us,21.97us
memmem/subtitles/never/teeny-zh-john-watson,count,0.1.0 (rev 463d00f318),libc/memmem/oneshot,unknown,,31,1000000,270.25ms,20.00ns,0.00ns,21.00ns,9.00ns,20.00ns,3.31us
memmem/subtitles/never/teeny-zh-john-watson,count,0.1.0 (rev 463d00f318),rust/jetscii/memmem/oneshot,0.5.3,,31,1000000,320.63ms,30.00ns,0.00ns,28.00ns,8.00ns,20.00ns,1.95us
memmem/subtitles/never/teeny-zh-john-watson,count,0.1.0 (rev 463d00f318),rust/jetscii/memmem/prebuilt,0.5.3,,31,1000000,270.11ms,20.00ns,0.00ns,23.00ns,9.00ns,20.00ns,2.07us
memmem/subtitles/never/teeny-zh-john-watson,count,0.1.0 (rev 463d00f318),rust/memchr/memmem/oneshot,2.8.3,,31,1000000,270.30ms,20.00ns,0.00ns,23.00ns,9.00ns,20.00ns,3.63us
memmem/subtitles/never/teeny-zh-john-watson,count,0.1.0 (rev 463d00f318),rust/memchr/memmem/prebuilt,2.8.3,,31,1000000,270.43ms,20.00ns,0.00ns,20.00ns,18.00ns,10.00ns,16.57us
memmem/subtitles/never/teeny-zh-john-watson,count,0.1.0 (rev 463d00f318),rust/memchr/memmem/twoway,2.8.3,,31,1000000,270.58ms,20.00ns,0.00ns,18.00ns,22.00ns,10.00ns,20.55us
memmem/subtitles/never/teeny-zh-john-watson,count,0.1.0 (rev 463d00f318),rust/memchr/memmem/rabinkarp,2.8.3,,31,1000000,270.31ms,20.00ns,0.00ns,21.00ns,7.00ns,20.00ns,2.51us
memmem/subtitles/never/teeny-zh-john-watson,count,0.1.0 (rev 463d00f318),rust/memchr/memmem/shiftor,2.8.3,,31,1000000,270.43ms,20.00ns,0.00ns,24.00ns,8.00ns,20.00ns,2.14us
memmem/subtitles/never/teeny-zh-john-watson,count,0.1.0 (rev 463d00f318),rust/memchr/memmem/wasm32,2.8.3,,31,1000000,770.35ms,70.00ns,0.00ns,69.00ns,12.00ns,60.00ns,4.68us
memmem/subtitles/never/teeny-zh-john-watson,count,0.1.0 (rev 463d00f318),rust/memchrold/memmem/oneshot,2.5.0,,31,1000000,270.26ms,20.00ns,0.00ns,23.00ns,17.00ns,20.00ns,14.78us
memmem/subtitles/never/teeny-zh-john-watson,count,0.1.0 (rev 463d00f318),rust/memchrold/memmem/prebuilt,2.5.0,,31,1000000,270.39ms,20.00ns,0.00ns,19.00ns,8.00ns,10.00ns,4.89us
memmem/subtitles/never/teeny-zh-john-watson,count,0.1.0 (rev 463d00f318),rust/sliceslice/memmem/oneshot,0.4.3,,31,1000000,270.57ms,20.00ns,0.00ns,20.00ns,7.00ns,20.00ns,1.74us
memmem/subtitles/never/teeny-zh-john-watson,count,0.1.0 (rev 463d00f318),rust/sliceslice/memmem/prebuilt,0.4.3,,31,1000000,270.58ms,20.00ns,0.00ns,17.00ns,11.00ns,10.00ns,7.12us
memmem/subtitles/never/teeny-zh-john-watson,count,0.1.0 (rev 463d00f318),rust/std/memmem/oneshot,1.99.0-nightly 1a833e165,,31,1000000,320.33ms,30.00ns,0.00ns,28.00ns,9.00ns,20.00ns,2.18us
memmem/subtitles/never/teeny-zh-john-watson,count,0.1.0 (rev 463d00f318),rust/std/memmem/prebuilt,1.99.0-nightly 1a833e165,,31,1000000,320.55ms,30.00ns,0.00ns,30.00ns,8.00ns,20.00ns,2.64us
memmem/subtitles/never/teeny-zh-john-watson,count,0.1.0 (rev 463d00f318),stringzilla/memmem/oneshot,5.0.5,,31,1000000,320.74ms,20.00ns,0.00ns,19.00ns,8.00ns,10.00ns,2.26us
memmem/subtitles/rare/huge-en-sherlock-holmes,count,0.1.0 (rev 463d00f318),libc/memmem/oneshot,unknown,,613345,133260,4.56s,22.24us,20.00ns,22.47us,825.00ns,22.08us,73.44us
memmem/subtitles/rare/huge-en-sherlock-holmes,count,0.1.0 (rev 463d00f318),rust/jetscii/memmem/oneshot,0.5.3,,613345,103480,4.56s,28.91us,30.00ns,28.95us,1.70us,28.72us,568.53us
memmem/subtitles/rare/huge-en-sherlock-holmes,count,0.1.0 (rev 463d00f318),rust/jetscii/memmem/prebuilt,0.5.3,,613345,103461,4.56s,28.92us,20.00ns,28.95us,262.00ns,28.72us,43.75us
memmem/subtitles/rare/huge-en-sherlock-holmes,count,0.1.0 (rev 463d00f318),rust/memchr/memmem/oneshot,2.8.3,,613345,414953,4.61s,7.18us,20.00ns,7.19us,859.00ns,7.03us,554.43us
memmem/subtitles/rare/huge-en-sherlock-holmes,count,0.1.0 (rev 463d00f318),rust/memchr/memmem/prebuilt,2.8.3,,613345,416173,4.61s,7.16us,10.00ns,7.17us,141.00ns,7.10us,29.39us
memmem/subtitles/rare/huge-en-sherlock-holmes,count,0.1.0 (rev 463d00f318),rust/memchr/memmem/twoway,2.8.3,,613345,103862,4.56s,28.78us,30.00ns,28.84us,2.17us,28.31us,718.80us
memmem/subtitles/rare/huge-en-sherlock-holmes,count,0.1.0 (rev 463d00f318),rust/memchr/memmem/rabinkarp,2.8.3,,613345,13688,4.50s,218.40us,530.00ns,219.13us,3.37us,217.04us,327.43us
memmem/subtitles/rare/huge-en-sherlock-holmes,count,0.1.0 (rev 463d00f318),rust/memchr/memmem/shiftor,2.8.3,,613345,13634,4.50s,219.67us,110.00ns,220.00us,810.00ns,218.05us,234.75us
memmem/subtitles/rare/huge-en-sherlock-holmes,count,0.1.0 (rev 463d00f318),rust/memchr/memmem/wasm32,2.8.3,,613345,140194,4.61s,21.21us,10.00ns,21.26us,397.00ns,20.97us,36.70us
memmem/subtitles/rare/huge-en-sherlock-holmes,count,0.1.0 (rev 463d00f318),rust/memchrold/memmem/oneshot,2.5.0,,613345,410238,4.61s,7.26us,20.00ns,7.27us,128.00ns,7.13us,25.13us
memmem/subtitles/rare/huge-en-sherlock-holmes,count,0.1.0 (rev 463d00f318),rust/memchrold/memmem/prebuilt,2.5.0,,613345,410277,4.61s,7.26us,10.00ns,7.27us,124.00ns,7.18us,26.40us
memmem/subtitles/rare/huge-en-sherlock-holmes,count,0.1.0 (rev 463d00f318),rust/sliceslice/memmem/oneshot,0.4.3,,613345,499361,4.62s,5.95us,10.00ns,5.97us,161.00ns,5.88us,20.00us
memmem/subtitles/rare/huge-en-sherlock-holmes,count,0.1.0 (rev 463d00f318),rust/sliceslice/memmem/prebuilt,0.4.3,,613345,512558,4.62s,5.79us,10.00ns,5.81us,1.19us,5.73us,852.77us
memmem/subtitles/rare/huge-en-sherlock-holmes,count,0.1.0 (rev 463d00f318),rust/std/memmem/oneshot,1.99.0-nightly 1a833e165,,613345,113278,4.56s,26.14us,100.00ns,26.44us,591.00ns,25.85us,42.06us
memmem/subtitles/rare/huge-en-sherlock-holmes,count,0.1.0 (rev 463d00f318),rust/std/memmem/prebuilt,1.99.0-nightly 1a833e165,,613345,112316,4.56s,26.19us,130.00ns,26.67us,2.29us,25.74us,642.72us
memmem/subtitles/rare/huge-en-sherlock-holmes,count,0.1.0 (rev 463d00f318),stringzilla/memmem/oneshot,5.0.5,,613345,481777,4.61s,6.17us,10.00ns,6.19us,113.00ns,6.11us,21.32us
memmem/subtitles/rare/huge-en-sherlock,count,0.1.0 (rev 463d00f318),libc/memmem/oneshot,unknown,,613345,92226,4.56s,31.76us,50.00ns,32.49us,4.19us,31.34us,814.94us
memmem/subtitles/rare/huge-en-sherlock,count,0.1.0 (rev 463d00f318),rust/jetscii/memmem/oneshot,0.5.3,,613345,103464,4.56s,28.92us,30.00ns,28.95us,266.00ns,28.73us,48.54us
memmem/subtitles/rare/huge-en-sherlock,count,0.1.0 (rev 463d00f318),rust/jetscii/memmem/prebuilt,0.5.3,,613345,103427,4.56s,28.92us,30.00ns,28.96us,275.00ns,28.73us,48.51us
memmem/subtitles/rare/huge-en-sherlock,count,0.1.0 (rev 463d00f318),rust/memchr/memmem/oneshot,2.8.3,,613345,415492,4.61s,7.38us,20.00ns,7.18us,572.00ns,5.65us,25.20us
memmem/subtitles/rare/huge-en-sherlock,count,0.1.0 (rev 463d00f318),rust/memchr/memmem/prebuilt,2.8.3,,613345,405089,4.61s,7.35us,20.00ns,7.37us,124.00ns,7.25us,22.78us
memmem/subtitles/rare/huge-en-sherlock,count,0.1.0 (rev 463d00f318),rust/memchr/memmem/twoway,2.8.3,,613345,87627,4.56s,34.13us,40.00ns,34.19us,358.00ns,33.86us,50.99us
memmem/subtitles/rare/huge-en-sherlock,count,0.1.0 (rev 463d00f318),rust/memchr/memmem/rabinkarp,2.8.3,,613345,12615,4.50s,239.06us,1.36us,237.77us,5.27us,218.01us,418.20us
memmem/subtitles/rare/huge-en-sherlock,count,0.1.0 (rev 463d00f318),rust/memchr/memmem/shiftor,2.8.3,,613345,13632,4.50s,219.65us,130.00ns,220.04us,8.06us,217.25us,1.16ms
memmem/subtitles/rare/huge-en-sherlock,count,0.1.0 (rev 463d00f318),rust/memchr/memmem/wasm32,2.8.3,,613345,167689,4.61s,17.11us,20.00ns,17.75us,1.52us,16.92us,35.06us
memmem/subtitles/rare/huge-en-sherlock,count,0.1.0 (rev 463d00f318),rust/memchrold/memmem/oneshot,2.5.0,,613345,412231,4.61s,7.22us,10.00ns,7.24us,850.00ns,7.15us,547.20us
memmem/subtitles/rare/huge-en-sherlock,count,0.1.0 (rev 463d00f318),rust/memchrold/memmem/prebuilt,2.5.0,,613345,413745,4.61s,7.20us,10.00ns,7.21us,122.00ns,7.14us,22.32us
memmem/subtitles/rare/huge-en-sherlock,count,0.1.0 (rev 463d00f318),rust/sliceslice/memmem/oneshot,0.4.3,,613345,527174,4.62s,5.49us,10.00ns,5.65us,939.00ns,5.45us,584.94us
memmem/subtitles/rare/huge-en-sherlock,count,0.1.0 (rev 463d00f318),rust/sliceslice/memmem/prebuilt,0.4.3,,613345,528000,4.62s,5.49us,10.00ns,5.64us,482.00ns,5.45us,20.37us
memmem/subtitles/rare/huge-en-sherlock,count,0.1.0 (rev 463d00f318),rust/std/memmem/oneshot,1.99.0-nightly 1a833e165,,613345,96716,4.56s,30.32us,40.00ns,30.98us,2.41us,29.87us,613.96us
memmem/subtitles/rare/huge-en-sherlock,count,0.1.0 (rev 463d00f318),rust/std/memmem/prebuilt,1.99.0-nightly 1a833e165,,613345,97392,4.56s,30.25us,50.00ns,30.76us,1.54us,29.67us,155.06us
memmem/subtitles/rare/huge-en-sherlock,count,0.1.0 (rev 463d00f318),stringzilla/memmem/oneshot,5.0.5,,613345,502515,4.62s,5.92us,10.00ns,5.93us,112.00ns,5.88us,25.51us
memmem/subtitles/rare/huge-en-medium-needle,count,0.1.0 (rev 463d00f318),libc/memmem/oneshot,unknown,,613345,237752,4.56s,12.56us,20.00ns,12.58us,163.00ns,12.47us,28.71us
memmem/subtitles/rare/huge-en-medium-needle,count,0.1.0 (rev 463d00f318),rust/jetscii/memmem/oneshot,0.5.3,,613345,94960,4.56s,31.51us,30.00ns,31.55us,292.00ns,31.28us,48.15us
memmem/subtitles/rare/huge-en-medium-needle,count,0.1.0 (rev 463d00f318),rust/jetscii/memmem/prebuilt,0.5.3,,613345,94916,4.56s,31.52us,40.00ns,31.57us,278.00ns,31.27us,46.93us
memmem/subtitles/rare/huge-en-medium-needle,count,0.1.0 (rev 463d00f318),rust/memchr/memmem/oneshot,2.8.3,,613345,365781,4.61s,8.14us,20.00ns,8.16us,173.00ns,8.00us,30.18us
memmem/subtitles/rare/huge-en-medium-needle,count,0.1.0 (rev 463d00f318),rust/memchr/memmem/prebuilt,2.8.3,,613345,368131,4.61s,8.09us,10.00ns,8.11us,1.24us,7.95us,753.88us
memmem/subtitles/rare/huge-en-medium-needle,count,0.1.0 (rev 463d00f318),rust/memchr/memmem/twoway,2.8.3,,613345,110816,4.56s,26.95us,31.00ns,27.03us,312.00ns,26.73us,42.85us
memmem/subtitles/rare/huge-en-medium-needle,count,0.1.0 (rev 463d00f318),rust/memchr/memmem/rabinkarp,2.8.3,,613345,13239,4.55s,220.64us,660.00ns,226.57us,18.18us,216.98us,329.67us
memmem/subtitles/rare/huge-en-medium-needle,count,0.1.0 (rev 463d00f318),rust/memchr/memmem/wasm32,2.8.3,,613345,134416,4.61s,22.07us,20.00ns,22.18us,765.00ns,21.82us,38.78us
memmem/subtitles/rare/huge-en-medium-needle,count,0.1.0 (rev 463d00f318),rust/memchrold/memmem/oneshot,2.5.0,,613345,367104,4.61s,8.11us,20.00ns,8.13us,141.00ns,7.91us,23.21us
memmem/subtitles/rare/huge-en-medium-needle,count,0.1.0 (rev 463d00f318),rust/memchrold/memmem/prebuilt,2.5.0,,613345,368883,4.61s,8.07us,10.00ns,8.09us,128.00ns,7.85us,27.05us
memmem/subtitles/rare/huge-en-medium-needle,count,0.1.0 (rev 463d00f318),rust/sliceslice/memmem/oneshot,0.4.3,,613345,273153,4.56s,10.87us,50.00ns,10.94us,188.00ns,10.75us,32.10us
memmem/subtitles/rare/huge-en-medium-needle,count,0.1.0 (rev 463d00f318),rust/sliceslice/memmem/prebuilt,0.4.3,,613345,273313,4.56s,10.91us,20.00ns,10.93us,168.00ns,10.79us,26.62us
memmem/subtitles/rare/huge-en-medium-needle,count,0.1.0 (rev 463d00f318),rust/std/memmem/oneshot,1.99.0-nightly 1a833e165,,613345,120904,4.56s,24.69us,30.00ns,24.77us,337.00ns,24.45us,40.47us
memmem/subtitles/rare/huge-en-medium-needle,count,0.1.0 (rev 463d00f318),rust/std/memmem/prebuilt,1.99.0-nightly 1a833e165,,613345,121274,4.56s,24.62us,20.00ns,24.70us,338.00ns,24.39us,40.33us
memmem/subtitles/rare/huge-en-medium-needle,count,0.1.0 (rev 463d00f318),stringzilla/memmem/oneshot,5.0.5,,613345,470069,4.61s,6.53us,90.00ns,6.34us,294.00ns,5.91us,26.17us
memmem/subtitles/rare/huge-en-long-needle,count,0.1.0 (rev 463d00f318),libc/memmem/oneshot,unknown,,613345,260186,4.56s,11.47us,10.00ns,11.49us,156.00ns,11.42us,26.23us
memmem/subtitles/rare/huge-en-long-needle,count,0.1.0 (rev 463d00f318),rust/jetscii/memmem/oneshot,0.5.3,,613345,93648,4.56s,31.95us,30.00ns,32.00us,270.00ns,31.73us,47.16us
memmem/subtitles/rare/huge-en-long-needle,count,0.1.0 (rev 463d00f318),rust/jetscii/memmem/prebuilt,0.5.3,,613345,93862,4.56s,31.88us,30.00ns,31.92us,278.00ns,31.66us,46.55us
memmem/subtitles/rare/huge-en-long-needle,count,0.1.0 (rev 463d00f318),rust/memchr/memmem/oneshot,2.8.3,,613345,489858,4.62s,6.03us,10.00ns,6.08us,294.00ns,5.94us,87.26us
memmem/subtitles/rare/huge-en-long-needle,count,0.1.0 (rev 463d00f318),rust/memchr/memmem/prebuilt,2.8.3,,613345,553388,4.62s,5.37us,10.00ns,5.38us,1.21us,5.33us,900.28us
memmem/subtitles/rare/huge-en-long-needle,count,0.1.0 (rev 463d00f318),rust/memchr/memmem/twoway,2.8.3,,613345,101736,4.56s,29.40us,30.00ns,29.45us,288.00ns,29.17us,44.50us
memmem/subtitles/rare/huge-en-long-needle,count,0.1.0 (rev 463d00f318),rust/memchr/memmem/rabinkarp,2.8.3,,613345,13333,4.50s,219.78us,2.39us,224.98us,9.60us,216.87us,755.33us
memmem/subtitles/rare/huge-en-long-needle,count,0.1.0 (rev 463d00f318),rust/memchr/memmem/wasm32,2.8.3,,613345,141907,4.61s,20.83us,20.00ns,21.00us,0.99us,20.66us,39.79us
memmem/subtitles/rare/huge-en-long-needle,count,0.1.0 (rev 463d00f318),rust/memchrold/memmem/oneshot,2.5.0,,613345,511962,4.62s,5.80us,20.00ns,5.82us,169.00ns,5.70us,24.66us
memmem/subtitles/rare/huge-en-long-needle,count,0.1.0 (rev 463d00f318),rust/memchrold/memmem/prebuilt,2.5.0,,613345,552327,4.62s,5.38us,10.00ns,5.39us,177.00ns,5.34us,89.55us
memmem/subtitles/rare/huge-en-long-needle,count,0.1.0 (rev 463d00f318),rust/sliceslice/memmem/oneshot,0.4.3,,613345,278540,4.56s,10.69us,20.00ns,10.73us,162.00ns,10.58us,26.43us
memmem/subtitles/rare/huge-en-long-needle,count,0.1.0 (rev 463d00f318),rust/sliceslice/memmem/prebuilt,0.4.3,,613345,285339,4.56s,10.44us,10.00ns,10.47us,164.00ns,10.35us,27.77us
memmem/subtitles/rare/huge-en-long-needle,count,0.1.0 (rev 463d00f318),rust/std/memmem/oneshot,1.99.0-nightly 1a833e165,,613345,110083,4.56s,27.05us,30.00ns,27.21us,715.00ns,26.79us,52.78us
memmem/subtitles/rare/huge-en-long-needle,count,0.1.0 (rev 463d00f318),rust/std/memmem/prebuilt,1.99.0-nightly 1a833e165,,613345,110728,4.56s,26.85us,30.00ns,27.05us,2.86us,26.19us,941.56us
memmem/subtitles/rare/huge-en-long-needle,count,0.1.0 (rev 463d00f318),stringzilla/memmem/oneshot,5.0.5,,613345,529144,4.62s,5.62us,10.00ns,5.63us,112.00ns,5.55us,24.17us
memmem/subtitles/rare/huge-en-huge-needle,count,0.1.0 (rev 463d00f318),libc/memmem/oneshot,unknown,,613345,117437,4.56s,25.46us,10.00ns,25.51us,2.55us,25.24us,895.86us
memmem/subtitles/rare/huge-en-huge-needle,count,0.1.0 (rev 463d00f318),rust/jetscii/memmem/oneshot,0.5.3,,613345,104558,4.56s,28.60us,20.00ns,28.65us,265.00ns,28.42us,43.89us
memmem/subtitles/rare/huge-en-huge-needle,count,0.1.0 (rev 463d00f318),rust/jetscii/memmem/prebuilt,0.5.3,,613345,104583,4.56s,28.60us,20.00ns,28.64us,271.00ns,28.42us,43.51us
memmem/subtitles/rare/huge-en-huge-needle,count,0.1.0 (rev 463d00f318),rust/memchr/memmem/oneshot,2.8.3,,613345,469533,4.61s,6.28us,10.00ns,6.35us,345.00ns,6.21us,22.15us
memmem/subtitles/rare/huge-en-huge-needle,count,0.1.0 (rev 463d00f318),rust/memchr/memmem/prebuilt,2.8.3,,613345,558180,4.62s,5.31us,10.00ns,5.33us,215.00ns,5.24us,21.47us
memmem/subtitles/rare/huge-en-huge-needle,count,0.1.0 (rev 463d00f318),rust/memchr/memmem/twoway,2.8.3,,613345,97948,4.56s,30.54us,30.00ns,30.59us,288.00ns,30.30us,46.85us
memmem/subtitles/rare/huge-en-huge-needle,count,0.1.0 (rev 463d00f318),rust/memchr/memmem/rabinkarp,2.8.3,,613345,13239,4.50s,221.46us,3.65us,226.56us,8.46us,217.46us,241.90us
memmem/subtitles/rare/huge-en-huge-needle,count,0.1.0 (rev 463d00f318),rust/memchr/memmem/wasm32,2.8.3,,613345,141086,4.61s,21.03us,20.00ns,21.13us,645.00ns,20.87us,37.45us
memmem/subtitles/rare/huge-en-huge-needle,count,0.1.0 (rev 463d00f318),rust/memchrold/memmem/oneshot,2.5.0,,613345,215189,4.56s,13.88us,60.00ns,13.90us,198.00ns,13.54us,28.46us
memmem/subtitles/rare/huge-en-huge-needle,count,0.1.0 (rev 463d00f318),rust/memchrold/memmem/prebuilt,2.5.0,,613345,234230,4.56s,12.74us,40.00ns,12.77us,1.75us,12.47us,856.06us
memmem/subtitles/rare/huge-en-huge-needle,count,0.1.0 (rev 463d00f318),rust/sliceslice/memmem/oneshot,0.4.3,,613345,311388,4.56s,9.58us,10.00ns,9.59us,139.00ns,9.52us,24.57us
memmem/subtitles/rare/huge-en-huge-needle,count,0.1.0 (rev 463d00f318),rust/sliceslice/memmem/prebuilt,0.4.3,,613345,312003,4.56s,9.53us,10.00ns,9.57us,167.00ns,9.44us,24.20us
memmem/subtitles/rare/huge-en-huge-needle,count,0.1.0 (rev 463d00f318),rust/std/memmem/oneshot,1.99.0-nightly 1a833e165,,613345,102919,4.56s,28.98us,30.00ns,29.11us,655.00ns,28.67us,44.53us
memmem/subtitles/rare/huge-en-huge-needle,count,0.1.0 (rev 463d00f318),rust/std/memmem/prebuilt,1.99.0-nightly 1a833e165,,613345,104851,4.56s,28.39us,30.00ns,28.56us,726.00ns,27.63us,56.29us
memmem/subtitles/rare/huge-en-huge-needle,count,0.1.0 (rev 463d00f318),stringzilla/memmem/oneshot,5.0.5,,613345,548382,4.62s,5.39us,10.00ns,5.43us,139.00ns,5.35us,22.03us
memmem/subtitles/rare/teeny-en-sherlock-holmes,count,0.1.0 (rev 463d00f318),libc/memmem/oneshot,unknown,,28,1000000,270.05ms,30.00ns,0.00ns,27.00ns,8.00ns,20.00ns,1.98us
memmem/subtitles/rare/teeny-en-sherlock-holmes,count,0.1.0 (rev 463d00f318),rust/jetscii/memmem/oneshot,0.5.3,,28,1000000,320.63ms,40.00ns,0.00ns,38.00ns,10.00ns,30.00ns,5.05us
memmem/subtitles/rare/teeny-en-sherlock-holmes,count,0.1.0 (rev 463d00f318),rust/jetscii/memmem/prebuilt,0.5.3,,28,1000000,270.23ms,30.00ns,0.00ns,25.00ns,8.00ns,20.00ns,2.11us
memmem/subtitles/rare/teeny-en-sherlock-holmes,count,0.1.0 (rev 463d00f318),rust/memchr/memmem/oneshot,2.8.3,,28,1000000,270.28ms,20.00ns,0.00ns,25.00ns,10.00ns,20.00ns,3.10us
memmem/subtitles/rare/teeny-en-sherlock-holmes,count,0.1.0 (rev 463d00f318),rust/memchr/memmem/prebuilt,2.8.3,,28,1000000,270.14ms,20.00ns,0.00ns,20.00ns,8.00ns,20.00ns,2.65us
memmem/subtitles/rare/teeny-en-sherlock-holmes,count,0.1.0 (rev 463d00f318),rust/memchr/memmem/twoway,2.8.3,,28,1000000,269.82ms,20.00ns,0.00ns,24.00ns,14.00ns,20.00ns,11.79us
memmem/subtitles/rare/teeny-en-sherlock-holmes,count,0.1.0 (rev 463d00f318),rust/memchr/memmem/rabinkarp,2.8.3,,28,1000000,269.82ms,20.00ns,0.00ns,21.00ns,8.00ns,20.00ns,2.77us
memmem/subtitles/rare/teeny-en-sherlock-holmes,count,0.1.0 (rev 463d00f318),rust/memchr/memmem/shiftor,2.8.3,,28,1000000,269.68ms,20.00ns,0.00ns,21.00ns,8.00ns,20.00ns,2.41us
memmem/subtitles/rare/teeny-en-sherlock-holmes,count,0.1.0 (rev 463d00f318),rust/memchr/memmem/wasm32,2.8.3,,28,1000000,770.31ms,70.00ns,0.00ns,73.00ns,12.00ns,70.00ns,2.97us
memmem/subtitles/rare/teeny-en-sherlock-holmes,count,0.1.0 (rev 463d00f318),rust/memchrold/memmem/oneshot,2.5.0,,28,1000000,269.94ms,30.00ns,0.00ns,25.00ns,13.00ns,20.00ns,2.99us
memmem/subtitles/rare/teeny-en-sherlock-holmes,count,0.1.0 (rev 463d00f318),rust/memchrold/memmem/prebuilt,2.5.0,,28,1000000,270.04ms,20.00ns,0.00ns,20.00ns,8.00ns,10.00ns,2.75us
memmem/subtitles/rare/teeny-en-sherlock-holmes,count,0.1.0 (rev 463d00f318),rust/sliceslice/memmem/oneshot,0.4.3,,28,1000000,269.76ms,20.00ns,0.00ns,22.00ns,8.00ns,20.00ns,2.00us
memmem/subtitles/rare/teeny-en-sherlock-holmes,count,0.1.0 (rev 463d00f318),rust/sliceslice/memmem/prebuilt,0.4.3,,28,1000000,269.78ms,20.00ns,0.00ns,18.00ns,8.00ns,10.00ns,1.87us
memmem/subtitles/rare/teeny-en-sherlock-holmes,count,0.1.0 (rev 463d00f318),rust/std/memmem/oneshot,1.99.0-nightly 1a833e165,,28,1000000,319.91ms,50.00ns,0.00ns,54.00ns,10.00ns,50.00ns,1.78us
memmem/subtitles/rare/teeny-en-sherlock-holmes,count,0.1.0 (rev 463d00f318),rust/std/memmem/prebuilt,1.99.0-nightly 1a833e165,,28,1000000,320.49ms,40.00ns,0.00ns,38.00ns,9.00ns,30.00ns,1.75us
memmem/subtitles/rare/teeny-en-sherlock-holmes,count,0.1.0 (rev 463d00f318),stringzilla/memmem/oneshot,5.0.5,,28,1000000,320.45ms,20.00ns,0.00ns,21.00ns,10.00ns,20.00ns,5.75us
memmem/subtitles/rare/teeny-en-sherlock,count,0.1.0 (rev 463d00f318),libc/memmem/oneshot,unknown,,28,1000000,269.98ms,20.00ns,0.00ns,25.00ns,14.00ns,20.00ns,10.55us
memmem/subtitles/rare/teeny-en-sherlock,count,0.1.0 (rev 463d00f318),rust/jetscii/memmem/oneshot,0.5.3,,28,1000000,320.44ms,40.00ns,0.00ns,38.00ns,15.00ns,30.00ns,11.49us
memmem/subtitles/rare/teeny-en-sherlock,count,0.1.0 (rev 463d00f318),rust/jetscii/memmem/prebuilt,0.5.3,,28,1000000,269.96ms,30.00ns,0.00ns,25.00ns,13.00ns,20.00ns,9.98us
memmem/subtitles/rare/teeny-en-sherlock,count,0.1.0 (rev 463d00f318),rust/memchr/memmem/oneshot,2.8.3,,28,1000000,269.77ms,20.00ns,0.00ns,24.00ns,8.00ns,20.00ns,1.61us
memmem/subtitles/rare/teeny-en-sherlock,count,0.1.0 (rev 463d00f318),rust/memchr/memmem/prebuilt,2.8.3,,28,1000000,269.74ms,20.00ns,0.00ns,22.00ns,23.00ns,20.00ns,21.83us
memmem/subtitles/rare/teeny-en-sherlock,count,0.1.0 (rev 463d00f318),rust/memchr/memmem/twoway,2.8.3,,28,1000000,269.90ms,20.00ns,0.00ns,20.00ns,6.00ns,10.00ns,2.55us
memmem/subtitles/rare/teeny-en-sherlock,count,0.1.0 (rev 463d00f318),rust/memchr/memmem/rabinkarp,2.8.3,,28,1000000,269.87ms,20.00ns,0.00ns,21.00ns,8.00ns,20.00ns,2.49us
memmem/subtitles/rare/teeny-en-sherlock,count,0.1.0 (rev 463d00f318),rust/memchr/memmem/shiftor,2.8.3,,28,1000000,269.82ms,20.00ns,0.00ns,21.00ns,7.00ns,20.00ns,1.97us
memmem/subtitles/rare/teeny-en-sherlock,count,0.1.0 (rev 463d00f318),rust/memchr/memmem/wasm32,2.8.3,,28,1000000,770.32ms,80.00ns,0.00ns,79.00ns,12.00ns,70.00ns,3.96us
memmem/subtitles/rare/teeny-en-sherlock,count,0.1.0 (rev 463d00f318),rust/memchrold/memmem/oneshot,2.5.0,,28,1000000,269.90ms,20.00ns,0.00ns,24.00ns,9.00ns,20.00ns,2.57us
memmem/subtitles/rare/teeny-en-sherlock,count,0.1.0 (rev 463d00f318),rust/memchrold/memmem/prebuilt,2.5.0,,28,1000000,269.76ms,20.00ns,0.00ns,21.00ns,10.00ns,20.00ns,6.06us
memmem/subtitles/rare/teeny-en-sherlock,count,0.1.0 (rev 463d00f318),rust/sliceslice/memmem/oneshot,0.4.3,,28,1000000,269.97ms,20.00ns,0.00ns,18.00ns,17.00ns,10.00ns,15.10us
memmem/subtitles/rare/teeny-en-sherlock,count,0.1.0 (rev 463d00f318),rust/sliceslice/memmem/prebuilt,0.4.3,,28,1000000,269.98ms,20.00ns,0.00ns,17.00ns,7.00ns,10.00ns,1.99us
memmem/subtitles/rare/teeny-en-sherlock,count,0.1.0 (rev 463d00f318),rust/std/memmem/oneshot,1.99.0-nightly 1a833e165,,28,1000000,320.46ms,40.00ns,0.00ns,36.00ns,15.00ns,30.00ns,11.41us
memmem/subtitles/rare/teeny-en-sherlock,count,0.1.0 (rev 463d00f318),rust/std/memmem/prebuilt,1.99.0-nightly 1a833e165,,28,1000000,269.98ms,30.00ns,0.00ns,28.00ns,9.00ns,20.00ns,2.64us
memmem/subtitles/rare/teeny-en-sherlock,count,0.1.0 (rev 463d00f318),stringzilla/memmem/oneshot,5.0.5,,28,1000000,320.39ms,20.00ns,0.00ns,21.00ns,8.00ns,20.00ns,1.89us
memmem/subtitles/rare/huge-ru-sherlock-holmes,count,0.1.0 (rev 463d00f318),libc/memmem/oneshot,unknown,,613402,95669,4.56s,31.24us,20.00ns,31.32us,2.91us,31.07us,912.03us
memmem/subtitles/rare/huge-ru-sherlock-holmes,count,0.1.0 (rev 463d00f318),rust/jetscii/memmem/oneshot,0.5.3,,613402,55617,4.56s,53.81us,230.00ns,53.90us,642.00ns,53.17us,134.60us
memmem/subtitles/rare/huge-ru-sherlock-holmes,count,0.1.0 (rev 463d00f318),rust/jetscii/memmem/prebuilt,0.5.3,,613402,51400,4.56s,58.11us,820.00ns,58.32us,1.18us,56.49us,73.31us
memmem/subtitles/rare/huge-ru-sherlock-holmes,count,0.1.0 (rev 463d00f318),rust/memchr/memmem/oneshot,2.8.3,,613402,543218,4.62s,5.28us,10.00ns,5.48us,551.00ns,5.23us,20.98us
memmem/subtitles/rare/huge-ru-sherlock-holmes,count,0.1.0 (rev 463d00f318),rust/memchr/memmem/prebuilt,2.8.3,,613402,533905,4.61s,5.26us,10.00ns,5.58us,668.00ns,5.21us,20.25us
memmem/subtitles/rare/huge-ru-sherlock-holmes,count,0.1.0 (rev 463d00f318),rust/memchr/memmem/twoway,2.8.3,,613402,24753,4.56s,120.59us,4.47us,121.15us,6.88us,110.65us,158.43us
memmem/subtitles/rare/huge-ru-sherlock-holmes,count,0.1.0 (rev 463d00f318),rust/memchr/memmem/rabinkarp,2.8.3,,613402,13630,4.55s,218.42us,694.00ns,220.06us,8.88us,216.89us,328.94us
memmem/subtitles/rare/huge-ru-sherlock-holmes,count,0.1.0 (rev 463d00f318),rust/memchr/memmem/wasm32,2.8.3,,613402,139779,4.61s,21.20us,20.00ns,21.31us,1.74us,20.76us,602.91us
memmem/subtitles/rare/huge-ru-sherlock-holmes,count,0.1.0 (rev 463d00f318),rust/memchrold/memmem/oneshot,2.5.0,,613402,545926,4.62s,5.28us,10.00ns,5.46us,508.00ns,5.23us,21.36us
memmem/subtitles/rare/huge-ru-sherlock-holmes,count,0.1.0 (rev 463d00f318),rust/memchrold/memmem/prebuilt,2.5.0,,613402,533416,4.62s,5.28us,10.00ns,5.58us,1.04us,5.18us,596.89us
memmem/subtitles/rare/huge-ru-sherlock-holmes,count,0.1.0 (rev 463d00f318),rust/sliceslice/memmem/oneshot,0.4.3,,613402,245952,4.56s,12.08us,40.00ns,12.16us,230.00ns,11.95us,28.81us
memmem/subtitles/rare/huge-ru-sherlock-holmes,count,0.1.0 (rev 463d00f318),rust/sliceslice/memmem/prebuilt,0.4.3,,613402,246363,4.56s,12.10us,40.00ns,12.13us,1.66us,11.96us,832.04us
memmem/subtitles/rare/huge-ru-sherlock-holmes,count,0.1.0 (rev 463d00f318),rust/std/memmem/oneshot,1.99.0-nightly 1a833e165,,613402,27323,4.55s,109.33us,2.11us,109.76us,2.72us,105.26us,129.25us
memmem/subtitles/rare/huge-ru-sherlock-holmes,count,0.1.0 (rev 463d00f318),rust/std/memmem/prebuilt,1.99.0-nightly 1a833e165,,613402,24606,4.55s,119.44us,2.85us,121.88us,6.84us,114.09us,231.10us
memmem/subtitles/rare/huge-ru-sherlock-holmes,count,0.1.0 (rev 463d00f318),stringzilla/memmem/oneshot,5.0.5,,613402,553298,4.62s,5.37us,10.00ns,5.38us,109.00ns,5.34us,20.84us
memmem/subtitles/rare/huge-ru-sherlock,count,0.1.0 (rev 463d00f318),libc/memmem/oneshot,unknown,,613402,39516,4.56s,75.38us,2.93us,75.88us,3.58us,70.50us,97.46us
memmem/subtitles/rare/huge-ru-sherlock,count,0.1.0 (rev 463d00f318),rust/jetscii/memmem/oneshot,0.5.3,,613402,55710,4.56s,53.71us,300.00ns,53.81us,525.00ns,52.88us,71.50us
memmem/subtitles/rare/huge-ru-sherlock,count,0.1.0 (rev 463d00f318),rust/jetscii/memmem/prebuilt,0.5.3,,613402,55573,4.56s,53.89us,340.00ns,53.94us,529.00ns,52.96us,69.92us
memmem/subtitles/rare/huge-ru-sherlock,count,0.1.0 (rev 463d00f318),rust/memchr/memmem/oneshot,2.8.3,,613402,422163,4.61s,7.05us,10.00ns,7.07us,1.32us,5.27us,862.26us
memmem/subtitles/rare/huge-ru-sherlock,count,0.1.0 (rev 463d00f318),rust/memchr/memmem/prebuilt,2.8.3,,613402,422029,4.61s,7.05us,10.00ns,7.07us,121.00ns,6.99us,23.78us
memmem/subtitles/rare/huge-ru-sherlock,count,0.1.0 (rev 463d00f318),rust/memchr/memmem/twoway,2.8.3,,613402,12846,4.50s,233.69us,1.64us,233.51us,2.36us,227.46us,253.89us
memmem/subtitles/rare/huge-ru-sherlock,count,0.1.0 (rev 463d00f318),rust/memchr/memmem/rabinkarp,2.8.3,,613402,12945,4.55s,230.22us,4.92us,231.72us,20.45us,217.27us,328.64us
memmem/subtitles/rare/huge-ru-sherlock,count,0.1.0 (rev 463d00f318),rust/memchr/memmem/shiftor,2.8.3,,613402,13636,4.50s,219.63us,250.00ns,219.96us,4.69us,217.27us,722.86us
memmem/subtitles/rare/huge-ru-sherlock,count,0.1.0 (rev 463d00f318),rust/memchr/memmem/wasm32,2.8.3,,613402,159275,4.61s,17.93us,20.00ns,18.70us,1.48us,17.73us,36.37us
memmem/subtitles/rare/huge-ru-sherlock,count,0.1.0 (rev 463d00f318),rust/memchrold/memmem/oneshot,2.5.0,,613402,421446,4.61s,7.07us,10.00ns,7.08us,117.00ns,7.01us,22.67us
memmem/subtitles/rare/huge-ru-sherlock,count,0.1.0 (rev 463d00f318),rust/memchrold/memmem/prebuilt,2.5.0,,613402,418204,4.61s,7.12us,10.00ns,7.13us,135.00ns,7.04us,24.16us
memmem/subtitles/rare/huge-ru-sherlock,count,0.1.0 (rev 463d00f318),rust/sliceslice/memmem/oneshot,0.4.3,,613402,504781,4.61s,5.69us,10.00ns,5.90us,626.00ns,5.64us,23.01us
memmem/subtitles/rare/huge-ru-sherlock,count,0.1.0 (rev 463d00f318),rust/sliceslice/memmem/prebuilt,0.4.3,,613402,496977,4.61s,5.69us,10.00ns,6.00us,734.00ns,5.64us,25.58us
memmem/subtitles/rare/huge-ru-sherlock,count,0.1.0 (rev 463d00f318),rust/std/memmem/oneshot,1.99.0-nightly 1a833e165,,613402,13699,4.50s,218.79us,1.27us,218.96us,1.83us,214.42us,233.79us
memmem/subtitles/rare/huge-ru-sherlock,count,0.1.0 (rev 463d00f318),rust/std/memmem/prebuilt,1.99.0-nightly 1a833e165,,613402,13749,4.50s,218.05us,1.35us,218.16us,1.86us,214.04us,234.01us
memmem/subtitles/rare/huge-ru-sherlock,count,0.1.0 (rev 463d00f318),stringzilla/memmem/oneshot,5.0.5,,613402,482940,4.61s,6.16us,20.00ns,6.17us,116.00ns,6.03us,21.17us
memmem/subtitles/rare/teeny-ru-sherlock-holmes,count,0.1.0 (rev 463d00f318),libc/memmem/oneshot,unknown,,42,1000000,320.34ms,30.00ns,0.00ns,32.00ns,10.00ns,30.00ns,4.33us
memmem/subtitles/rare/teeny-ru-sherlock-holmes,count,0.1.0 (rev 463d00f318),rust/jetscii/memmem/oneshot,0.5.3,,42,1000000,320.52ms,30.00ns,0.00ns,28.00ns,23.00ns,20.00ns,16.71us
memmem/subtitles/rare/teeny-ru-sherlock-holmes,count,0.1.0 (rev 463d00f318),rust/jetscii/memmem/prebuilt,0.5.3,,42,1000000,270.04ms,30.00ns,0.00ns,27.00ns,8.00ns,20.00ns,1.98us
memmem/subtitles/rare/teeny-ru-sherlock-holmes,count,0.1.0 (rev 463d00f318),rust/memchr/memmem/oneshot,2.8.3,,42,1000000,320.44ms,30.00ns,0.00ns,28.00ns,8.00ns,20.00ns,1.65us
memmem/subtitles/rare/teeny-ru-sherlock-holmes,count,0.1.0 (rev 463d00f318),rust/memchr/memmem/prebuilt,2.8.3,,42,1000000,270.23ms,20.00ns,0.00ns,21.00ns,14.00ns,20.00ns,12.29us
memmem/subtitles/rare/teeny-ru-sherlock-holmes,count,0.1.0 (rev 463d00f318),rust/memchr/memmem/twoway,2.8.3,,42,1000000,270.00ms,30.00ns,0.00ns,27.00ns,8.00ns,20.00ns,2.10us
memmem/subtitles/rare/teeny-ru-sherlock-holmes,count,0.1.0 (rev 463d00f318),rust/memchr/memmem/rabinkarp,2.8.3,,42,1000000,270.01ms,20.00ns,0.00ns,23.00ns,8.00ns,20.00ns,1.99us
memmem/subtitles/rare/teeny-ru-sherlock-holmes,count,0.1.0 (rev 463d00f318),rust/memchr/memmem/wasm32,2.8.3,,42,1000000,770.30ms,80.00ns,0.00ns,76.00ns,15.00ns,70.00ns,8.02us
memmem/subtitles/rare/teeny-ru-sherlock-holmes,count,0.1.0 (rev 463d00f318),rust/memchrold/memmem/oneshot,2.5.0,,42,1000000,320.38ms,30.00ns,0.00ns,28.00ns,7.00ns,20.00ns,1.69us
memmem/subtitles/rare/teeny-ru-sherlock-holmes,count,0.1.0 (rev 463d00f318),rust/memchrold/memmem/prebuilt,2.5.0,,42,1000000,320.14ms,20.00ns,0.00ns,21.00ns,7.00ns,20.00ns,2.86us
memmem/subtitles/rare/teeny-ru-sherlock-holmes,count,0.1.0 (rev 463d00f318),rust/sliceslice/memmem/oneshot,0.4.3,,42,1000000,269.99ms,20.00ns,0.00ns,18.00ns,7.00ns,10.00ns,2.29us
memmem/subtitles/rare/teeny-ru-sherlock-holmes,count,0.1.0 (rev 463d00f318),rust/sliceslice/memmem/prebuilt,0.4.3,,42,1000000,270.10ms,20.00ns,0.00ns,18.00ns,8.00ns,10.00ns,3.87us
memmem/subtitles/rare/teeny-ru-sherlock-holmes,count,0.1.0 (rev 463d00f318),rust/std/memmem/oneshot,1.99.0-nightly 1a833e165,,42,1000000,369.88ms,70.00ns,0.00ns,72.00ns,15.00ns,60.00ns,9.11us
memmem/subtitles/rare/teeny-ru-sherlock-holmes,count,0.1.0 (rev 463d00f318),rust/std/memmem/prebuilt,1.99.0-nightly 1a833e165,,42,1000000,320.04ms,50.00ns,0.00ns,48.00ns,16.00ns,40.00ns,12.63us
memmem/subtitles/rare/teeny-ru-sherlock-holmes,count,0.1.0 (rev 463d00f318),stringzilla/memmem/oneshot,5.0.5,,42,1000000,269.81ms,20.00ns,0.00ns,20.00ns,7.00ns,10.00ns,2.11us
memmem/subtitles/rare/teeny-ru-sherlock,count,0.1.0 (rev 463d00f318),libc/memmem/oneshot,unknown,,42,1000000,320.30ms,30.00ns,0.00ns,31.00ns,10.00ns,20.00ns,2.21us
memmem/subtitles/rare/teeny-ru-sherlock,count,0.1.0 (rev 463d00f318),rust/jetscii/memmem/oneshot,0.5.3,,42,1000000,320.55ms,40.00ns,0.00ns,38.00ns,14.00ns,30.00ns,10.07us
memmem/subtitles/rare/teeny-ru-sherlock,count,0.1.0 (rev 463d00f318),rust/jetscii/memmem/prebuilt,0.5.3,,42,1000000,320.59ms,30.00ns,0.00ns,27.00ns,9.00ns,20.00ns,1.94us
memmem/subtitles/rare/teeny-ru-sherlock,count,0.1.0 (rev 463d00f318),rust/memchr/memmem/oneshot,2.8.3,,42,1000000,269.93ms,30.00ns,0.00ns,27.00ns,9.00ns,20.00ns,2.79us
memmem/subtitles/rare/teeny-ru-sherlock,count,0.1.0 (rev 463d00f318),rust/memchr/memmem/prebuilt,2.8.3,,42,1000000,269.91ms,20.00ns,0.00ns,23.00ns,9.00ns,20.00ns,1.85us
memmem/subtitles/rare/teeny-ru-sherlock,count,0.1.0 (rev 463d00f318),rust/memchr/memmem/twoway,2.8.3,,42,1000000,269.86ms,20.00ns,0.00ns,21.00ns,8.00ns,20.00ns,2.20us
memmem/subtitles/rare/teeny-ru-sherlock,count,0.1.0 (rev 463d00f318),rust/memchr/memmem/rabinkarp,2.8.3,,42,1000000,270.00ms,20.00ns,0.00ns,23.00ns,8.00ns,20.00ns,3.39us
memmem/subtitles/rare/teeny-ru-sherlock,count,0.1.0 (rev 463d00f318),rust/memchr/memmem/shiftor,2.8.3,,42,1000000,320.34ms,30.00ns,0.00ns,27.00ns,8.00ns,20.00ns,1.92us
memmem/subtitles/rare/teeny-ru-sherlock,count,0.1.0 (rev 463d00f318),rust/memchr/memmem/wasm32,2.8.3,,42,1000000,770.42ms,80.00ns,0.00ns,80.00ns,12.00ns,70.00ns,4.25us
memmem/subtitles/rare/teeny-ru-sherlock,count,0.1.0 (rev 463d00f318),rust/memchrold/memmem/oneshot,2.5.0,,42,1000000,269.89ms,30.00ns,0.00ns,26.00ns,10.00ns,20.00ns,3.28us
memmem/subtitles/rare/teeny-ru-sherlock,count,0.1.0 (rev 463d00f318),rust/memchrold/memmem/prebuilt,2.5.0,,42,1000000,269.86ms,20.00ns,0.00ns,21.00ns,7.00ns,20.00ns,2.41us
memmem/subtitles/rare/teeny-ru-sherlock,count,0.1.0 (rev 463d00f318),rust/sliceslice/memmem/oneshot,0.4.3,,42,1000000,269.95ms,20.00ns,0.00ns,19.00ns,9.00ns,10.00ns,5.51us
memmem/subtitles/rare/teeny-ru-sherlock,count,0.1.0 (rev 463d00f318),rust/sliceslice/memmem/prebuilt,0.4.3,,42,1000000,270.01ms,20.00ns,0.00ns,17.00ns,17.00ns,10.00ns,14.34us
memmem/subtitles/rare/teeny-ru-sherlock,count,0.1.0 (rev 463d00f318),rust/std/memmem/oneshot,1.99.0-nightly 1a833e165,,42,1000000,320.06ms,40.00ns,0.00ns,45.00ns,11.00ns,40.00ns,2.47us
memmem/subtitles/rare/teeny-ru-sherlock,count,0.1.0 (rev 463d00f318),rust/std/memmem/prebuilt,1.99.0-nightly 1a833e165,,42,1000000,320.27ms,30.00ns,0.00ns,33.00ns,11.00ns,30.00ns,3.44us
memmem/subtitles/rare/teeny-ru-sherlock,count,0.1.0 (rev 463d00f318),stringzilla/memmem/oneshot,5.0.5,,42,1000000,320.56ms,20.00ns,0.00ns,22.00ns,11.00ns,20.00ns,7.14us
memmem/subtitles/rare/huge-zh-sherlock-holmes,count,0.1.0 (rev 463d00f318),libc/memmem/oneshot,unknown,,613427,223925,4.56s,12.96us,20.00ns,13.36us,869.00ns,12.86us,29.92us
memmem/subtitles/rare/huge-zh-sherlock-holmes,count,0.1.0 (rev 463d00f318),rust/jetscii/memmem/oneshot,0.5.3,,613427,92483,4.56s,32.35us,20.00ns,32.40us,296.00ns,32.15us,47.62us
memmem/subtitles/rare/huge-zh-sherlock-holmes,count,0.1.0 (rev 463d00f318),rust/jetscii/memmem/prebuilt,0.5.3,,613427,92515,4.56s,32.34us,20.00ns,32.39us,318.00ns,32.10us,51.98us
memmem/subtitles/rare/huge-zh-sherlock-holmes,count,0.1.0 (rev 463d00f318),rust/memchr/memmem/oneshot,2.8.3,,613427,384202,4.61s,7.74us,20.00ns,7.77us,136.00ns,7.60us,23.62us
memmem/subtitles/rare/huge-zh-sherlock-holmes,count,0.1.0 (rev 463d00f318),rust/memchr/memmem/prebuilt,2.8.3,,613427,384437,4.61s,7.75us,30.00ns,7.76us,1.38us,7.66us,858.27us
memmem/subtitles/rare/huge-zh-sherlock-holmes,count,0.1.0 (rev 463d00f318),rust/memchr/memmem/twoway,2.8.3,,613427,183593,4.56s,16.06us,510.00ns,16.30us,811.00ns,15.21us,31.89us
memmem/subtitles/rare/huge-zh-sherlock-holmes,count,0.1.0 (rev 463d00f318),rust/memchr/memmem/rabinkarp,2.8.3,,613427,13571,4.50s,218.37us,430.00ns,221.03us,13.33us,216.94us,330.05us
memmem/subtitles/rare/huge-zh-sherlock-holmes,count,0.1.0 (rev 463d00f318),rust/memchr/memmem/wasm32,2.8.3,,613427,155080,4.61s,18.40us,20.00ns,19.20us,1.50us,17.90us,34.37us
memmem/subtitles/rare/huge-zh-sherlock-holmes,count,0.1.0 (rev 463d00f318),rust/memchrold/memmem/oneshot,2.5.0,,613427,377247,4.61s,7.90us,20.00ns,7.91us,127.00ns,7.79us,23.98us
memmem/subtitles/rare/huge-zh-sherlock-holmes,count,0.1.0 (rev 463d00f318),rust/memchrold/memmem/prebuilt,2.5.0,,613427,384750,4.61s,7.74us,10.00ns,7.76us,119.00ns,7.66us,22.59us
memmem/subtitles/rare/huge-zh-sherlock-holmes,count,0.1.0 (rev 463d00f318),rust/sliceslice/memmem/oneshot,0.4.3,,613427,282289,4.56s,10.55us,20.00ns,10.58us,168.00ns,10.41us,26.78us
memmem/subtitles/rare/huge-zh-sherlock-holmes,count,0.1.0 (rev 463d00f318),rust/sliceslice/memmem/prebuilt,0.4.3,,613427,282669,4.56s,10.51us,20.00ns,10.57us,1.16us,10.41us,617.56us
memmem/subtitles/rare/huge-zh-sherlock-holmes,count,0.1.0 (rev 463d00f318),rust/std/memmem/oneshot,1.99.0-nightly 1a833e165,,613427,214642,4.56s,13.64us,110.00ns,13.94us,713.00ns,13.42us,85.13us
memmem/subtitles/rare/huge-zh-sherlock-holmes,count,0.1.0 (rev 463d00f318),rust/std/memmem/prebuilt,1.99.0-nightly 1a833e165,,613427,215499,4.56s,13.74us,40.00ns,13.88us,1.86us,13.50us,860.32us
memmem/subtitles/rare/huge-zh-sherlock-holmes,count,0.1.0 (rev 463d00f318),stringzilla/memmem/oneshot,5.0.5,,613427,492545,4.61s,5.98us,90.00ns,6.05us,186.00ns,5.87us,24.13us
memmem/subtitles/rare/huge-zh-sherlock,count,0.1.0 (rev 463d00f318),libc/memmem/oneshot,unknown,,613427,103573,4.56s,28.78us,40.00ns,28.93us,2.08us,28.35us,580.55us
memmem/subtitles/rare/huge-zh-sherlock,count,0.1.0 (rev 463d00f318),rust/jetscii/memmem/oneshot,0.5.3,,613427,92488,4.56s,32.34us,30.00ns,32.40us,300.00ns,32.14us,55.01us
memmem/subtitles/rare/huge-zh-sherlock,count,0.1.0 (rev 463d00f318),rust/jetscii/memmem/prebuilt,0.5.3,,613427,92453,4.56s,32.35us,30.00ns,32.41us,321.00ns,32.13us,48.56us
memmem/subtitles/rare/huge-zh-sherlock,count,0.1.0 (rev 463d00f318),rust/memchr/memmem/oneshot,2.8.3,,613427,397593,4.61s,7.49us,10.00ns,7.50us,145.00ns,7.43us,22.38us
memmem/subtitles/rare/huge-zh-sherlock,count,0.1.0 (rev 463d00f318),rust/memchr/memmem/prebuilt,2.8.3,,613427,400012,4.61s,7.46us,10.00ns,7.46us,187.00ns,5.63us,24.33us
memmem/subtitles/rare/huge-zh-sherlock,count,0.1.0 (rev 463d00f318),rust/memchr/memmem/twoway,2.8.3,,613427,101318,4.56s,29.30us,630.00ns,29.57us,1.14us,28.19us,60.03us
memmem/subtitles/rare/huge-zh-sherlock,count,0.1.0 (rev 463d00f318),rust/memchr/memmem/rabinkarp,2.8.3,,613427,12845,4.50s,233.69us,3.63us,233.52us,5.11us,217.93us,326.28us
memmem/subtitles/rare/huge-zh-sherlock,count,0.1.0 (rev 463d00f318),rust/memchr/memmem/shiftor,2.8.3,,613427,13611,4.50s,220.12us,260.00ns,220.38us,729.00ns,218.52us,236.93us
memmem/subtitles/rare/huge-zh-sherlock,count,0.1.0 (rev 463d00f318),rust/memchr/memmem/wasm32,2.8.3,,613427,138095,4.61s,21.48us,10.00ns,21.58us,723.00ns,21.23us,37.87us
memmem/subtitles/rare/huge-zh-sherlock,count,0.1.0 (rev 463d00f318),rust/memchrold/memmem/oneshot,2.5.0,,613427,385037,4.61s,7.73us,20.00ns,7.75us,875.00ns,7.59us,544.33us
memmem/subtitles/rare/huge-zh-sherlock,count,0.1.0 (rev 463d00f318),rust/memchrold/memmem/prebuilt,2.5.0,,613427,400430,4.61s,7.47us,10.00ns,7.45us,284.00ns,5.68us,25.55us
memmem/subtitles/rare/huge-zh-sherlock,count,0.1.0 (rev 463d00f318),rust/sliceslice/memmem/oneshot,0.4.3,,613427,471405,4.62s,6.25us,10.00ns,6.32us,1.05us,6.16us,693.90us
memmem/subtitles/rare/huge-zh-sherlock,count,0.1.0 (rev 463d00f318),rust/sliceslice/memmem/prebuilt,0.4.3,,613427,472975,4.61s,6.26us,20.00ns,6.30us,239.00ns,6.18us,35.74us
memmem/subtitles/rare/huge-zh-sherlock,count,0.1.0 (rev 463d00f318),rust/std/memmem/oneshot,1.99.0-nightly 1a833e165,,613427,100087,4.56s,26.26us,1.28us,29.93us,8.65us,24.39us,877.85us
memmem/subtitles/rare/huge-zh-sherlock,count,0.1.0 (rev 463d00f318),rust/std/memmem/prebuilt,1.99.0-nightly 1a833e165,,613427,123516,4.56s,23.94us,30.00ns,24.25us,1.10us,23.71us,42.29us
memmem/subtitles/rare/huge-zh-sherlock,count,0.1.0 (rev 463d00f318),stringzilla/memmem/oneshot,5.0.5,,613427,553211,4.62s,5.37us,0.00ns,5.38us,130.00ns,5.33us,22.03us
memmem/subtitles/rare/teeny-zh-sherlock-holmes,count,0.1.0 (rev 463d00f318),libc/memmem/oneshot,unknown,,31,1000000,320.41ms,30.00ns,0.00ns,27.00ns,11.00ns,20.00ns,2.66us
memmem/subtitles/rare/teeny-zh-sherlock-holmes,count,0.1.0 (rev 463d00f318),rust/jetscii/memmem/oneshot,0.5.3,,31,1000000,270.10ms,30.00ns,0.00ns,27.00ns,9.00ns,20.00ns,2.21us
memmem/subtitles/rare/teeny-zh-sherlock-holmes,count,0.1.0 (rev 463d00f318),rust/jetscii/memmem/prebuilt,0.5.3,,31,1000000,269.81ms,30.00ns,0.00ns,26.00ns,10.00ns,20.00ns,3.17us
memmem/subtitles/rare/teeny-zh-sherlock-holmes,count,0.1.0 (rev 463d00f318),rust/memchr/memmem/oneshot,2.8.3,,31,1000000,269.77ms,30.00ns,0.00ns,26.00ns,8.00ns,20.00ns,2.17us
memmem/subtitles/rare/teeny-zh-sherlock-holmes,count,0.1.0 (rev 463d00f318),rust/memchr/memmem/prebuilt,2.8.3,,31,1000000,270.17ms,20.00ns,0.00ns,23.00ns,8.00ns,20.00ns,2.33us
memmem/subtitles/rare/teeny-zh-sherlock-holmes,count,0.1.0 (rev 463d00f318),rust/memchr/memmem/twoway,2.8.3,,31,1000000,270.07ms,20.00ns,0.00ns,23.00ns,8.00ns,20.00ns,2.20us
memmem/subtitles/rare/teeny-zh-sherlock-holmes,count,0.1.0 (rev 463d00f318),rust/memchr/memmem/rabinkarp,2.8.3,,31,1000000,270.33ms,20.00ns,0.00ns,21.00ns,7.00ns,20.00ns,1.60us
memmem/subtitles/rare/teeny-zh-sherlock-holmes,count,0.1.0 (rev 463d00f318),rust/memchr/memmem/wasm32,2.8.3,,31,1000000,770.60ms,80.00ns,0.00ns,84.00ns,24.00ns,70.00ns,20.91us
memmem/subtitles/rare/teeny-zh-sherlock-holmes,count,0.1.0 (rev 463d00f318),rust/memchrold/memmem/oneshot,2.5.0,,31,1000000,269.88ms,30.00ns,0.00ns,26.00ns,8.00ns,20.00ns,2.02us
memmem/subtitles/rare/teeny-zh-sherlock-holmes,count,0.1.0 (rev 463d00f318),rust/memchrold/memmem/prebuilt,2.5.0,,31,1000000,270.42ms,20.00ns,0.00ns,23.00ns,20.00ns,20.00ns,18.23us
memmem/subtitles/rare/teeny-zh-sherlock-holmes,count,0.1.0 (rev 463d00f318),rust/sliceslice/memmem/oneshot,0.4.3,,31,1000000,270.08ms,20.00ns,0.00ns,18.00ns,8.00ns,10.00ns,4.19us
memmem/subtitles/rare/teeny-zh-sherlock-holmes,count,0.1.0 (rev 463d00f318),rust/sliceslice/memmem/prebuilt,0.4.3,,31,1000000,270.62ms,20.00ns,0.00ns,18.00ns,8.00ns,10.00ns,3.29us
memmem/subtitles/rare/teeny-zh-sherlock-holmes,count,0.1.0 (rev 463d00f318),rust/std/memmem/oneshot,1.99.0-nightly 1a833e165,,31,1000000,370.39ms,70.00ns,0.00ns,67.00ns,13.00ns,60.00ns,5.38us
memmem/subtitles/rare/teeny-zh-sherlock-holmes,count,0.1.0 (rev 463d00f318),rust/std/memmem/prebuilt,1.99.0-nightly 1a833e165,,31,1000000,319.82ms,40.00ns,0.00ns,44.00ns,14.00ns,40.00ns,9.18us
memmem/subtitles/rare/teeny-zh-sherlock-holmes,count,0.1.0 (rev 463d00f318),stringzilla/memmem/oneshot,5.0.5,,31,1000000,320.58ms,20.00ns,0.00ns,20.00ns,20.00ns,10.00ns,18.57us
memmem/subtitles/rare/teeny-zh-sherlock,count,0.1.0 (rev 463d00f318),libc/memmem/oneshot,unknown,,31,1000000,270.07ms,30.00ns,0.00ns,26.00ns,10.00ns,20.00ns,4.13us
memmem/subtitles/rare/teeny-zh-sherlock,count,0.1.0 (rev 463d00f318),rust/jetscii/memmem/oneshot,0.5.3,,31,1000000,321.06ms,40.00ns,0.00ns,37.00ns,10.00ns,30.00ns,2.89us
memmem/subtitles/rare/teeny-zh-sherlock,count,0.1.0 (rev 463d00f318),rust/jetscii/memmem/prebuilt,0.5.3,,31,1000000,270.31ms,30.00ns,0.00ns,25.00ns,9.00ns,20.00ns,2.89us
memmem/subtitles/rare/teeny-zh-sherlock,count,0.1.0 (rev 463d00f318),rust/memchr/memmem/oneshot,2.8.3,,31,1000000,270.29ms,20.00ns,0.00ns,25.00ns,10.00ns,20.00ns,4.31us
memmem/subtitles/rare/teeny-zh-sherlock,count,0.1.0 (rev 463d00f318),rust/memchr/memmem/prebuilt,2.8.3,,31,1000000,270.12ms,20.00ns,0.00ns,23.00ns,15.00ns,20.00ns,11.99us
memmem/subtitles/rare/teeny-zh-sherlock,count,0.1.0 (rev 463d00f318),rust/memchr/memmem/twoway,2.8.3,,31,1000000,269.98ms,20.00ns,0.00ns,22.00ns,8.00ns,20.00ns,1.84us
memmem/subtitles/rare/teeny-zh-sherlock,count,0.1.0 (rev 463d00f318),rust/memchr/memmem/rabinkarp,2.8.3,,31,1000000,270.22ms,20.00ns,0.00ns,21.00ns,7.00ns,20.00ns,1.74us
memmem/subtitles/rare/teeny-zh-sherlock,count,0.1.0 (rev 463d00f318),rust/memchr/memmem/shiftor,2.8.3,,31,1000000,270.64ms,20.00ns,0.00ns,23.00ns,17.00ns,20.00ns,14.70us
memmem/subtitles/rare/teeny-zh-sherlock,count,0.1.0 (rev 463d00f318),rust/memchr/memmem/wasm32,2.8.3,,31,1000000,770.54ms,80.00ns,0.00ns,83.00ns,12.00ns,80.00ns,1.95us
memmem/subtitles/rare/teeny-zh-sherlock,count,0.1.0 (rev 463d00f318),rust/memchrold/memmem/oneshot,2.5.0,,31,1000000,270.26ms,20.00ns,0.00ns,25.00ns,8.00ns,20.00ns,2.00us
memmem/subtitles/rare/teeny-zh-sherlock,count,0.1.0 (rev 463d00f318),rust/memchrold/memmem/prebuilt,2.5.0,,31,1000000,270.39ms,20.00ns,0.00ns,23.00ns,20.00ns,20.00ns,15.17us
memmem/subtitles/rare/teeny-zh-sherlock,count,0.1.0 (rev 463d00f318),rust/sliceslice/memmem/oneshot,0.4.3,,31,1000000,270.68ms,20.00ns,0.00ns,19.00ns,7.00ns,10.00ns,2.46us
memmem/subtitles/rare/teeny-zh-sherlock,count,0.1.0 (rev 463d00f318),rust/sliceslice/memmem/prebuilt,0.4.3,,31,1000000,273.28ms,20.00ns,0.00ns,17.00ns,16.00ns,10.00ns,13.89us
memmem/subtitles/rare/teeny-zh-sherlock,count,0.1.0 (rev 463d00f318),rust/std/memmem/oneshot,1.99.0-nightly 1a833e165,,31,1000000,320.78ms,40.00ns,0.00ns,41.00ns,16.00ns,40.00ns,13.03us
memmem/subtitles/rare/teeny-zh-sherlock,count,0.1.0 (rev 463d00f318),rust/std/memmem/prebuilt,1.99.0-nightly 1a833e165,,31,1000000,320.53ms,30.00ns,0.00ns,30.00ns,7.00ns,30.00ns,2.18us
memmem/subtitles/rare/teeny-zh-sherlock,count,0.1.0 (rev 463d00f318),stringzilla/memmem/oneshot,5.0.5,,31,1000000,320.64ms,20.00ns,0.00ns,22.00ns,9.00ns,20.00ns,3.57us
